filename,relative_path,label,yaw_deg,model_name,model_path,image_width,image_height,camera_location,camera_target
audi_a7_yaw_000.png,leaving/audi_a7_yaw_000.png,leaving,0,audi_a7.glb,D:/JRM-O/assets/models/audi_a7.glb,512,512,"(0, -2.95143, 1.15)","(0, 0, 0.8)"
audi_a7_yaw_010.png,leaving/audi_a7_yaw_010.png,leaving,10,audi_a7.glb,D:/JRM-O/assets/models/audi_a7.glb,512,512,"(0, -3.21322, 1.15)","(0, 0, 0.8)"
audi_a7_yaw_020.png,leaving/audi_a7_yaw_020.png,leaving,20,audi_a7.glb,D:/JRM-O/assets/models/audi_a7.glb,512,512,"(0, -3.62013, 1.15)","(0, 0, 0.8)"
audi_a7_yaw_030.png,leaving/audi_a7_yaw_030.png,leaving,30,audi_a7.glb,D:/JRM-O/assets/models/audi_a7.glb,512,512,"(0, -3.91878, 1.15)","(0, 0, 0.8)"
audi_a7_yaw_040.png,leaving/audi_a7_yaw_040.png,leaving,40,audi_a7.glb,D:/JRM-O/assets/models/audi_a7.glb,512,512,"(0, -4.09868, 1.15)","(0, 0, 0.8)"
audi_a7_yaw_050.png,moving_right/audi_a7_yaw_050.png,moving_right,50,audi_a7.glb,D:/JRM-O/assets/models/audi_a7.glb,512,512,"(0, -4.56226, 1.15)","(0, 0, 0.8)"
audi_a7_yaw_060.png,moving_right/audi_a7_yaw_060.png,moving_right,60,audi_a7.glb,D:/JRM-O/assets/models/audi_a7.glb,512,512,"(0, -4.75364, 1.15)","(0, 0, 0.8)"
audi_a7_yaw_070.png,moving_right/audi_a7_yaw_070.png,moving_right,70,audi_a7.glb,D:/JRM-O/assets/models/audi_a7.glb,512,512,"(0, -4.80161, 1.15)","(0, 0, 0.8)"
audi_a7_yaw_080.png,moving_right/audi_a7_yaw_080.png,moving_right,80,audi_a7.glb,D:/JRM-O/assets/models/audi_a7.glb,512,512,"(0, -5.13377, 1.15)","(0, 0, 0.8)"
audi_a7_yaw_090.png,moving_right/audi_a7_yaw_090.png,moving_right,90,audi_a7.glb,D:/JRM-O/assets/models/audi_a7.glb,512,512,"(0, -5.36289, 1.15)","(0, 0, 0.8)"
audi_a7_yaw_100.png,moving_right/audi_a7_yaw_100.png,moving_right,100,audi_a7.glb,D:/JRM-O/assets/models/audi_a7.glb,512,512,"(0, -5.43002, 1.15)","(0, 0, 0.8)"
audi_a7_yaw_110.png,moving_right/audi_a7_yaw_110.png,moving_right,110,audi_a7.glb,D:/JRM-O/assets/models/audi_a7.glb,512,512,"(0, -5.3743, 1.15)","(0, 0, 0.8)"
audi_a7_yaw_120.png,moving_right/audi_a7_yaw_120.png,moving_right,120,audi_a7.glb,D:/JRM-O/assets/models/audi_a7.glb,512,512,"(0, -5.36022, 1.15)","(0, 0, 0.8)"
audi_a7_yaw_130.png,moving_right/audi_a7_yaw_130.png,moving_right,130,audi_a7.glb,D:/JRM-O/assets/models/audi_a7.glb,512,512,"(0, -5.18392, 1.15)","(0, 0, 0.8)"
audi_a7_yaw_140.png,approaching/audi_a7_yaw_140.png,approaching,140,audi_a7.glb,D:/JRM-O/assets/models/audi_a7.glb,512,512,"(0, -4.68777, 1.15)","(0, 0, 0.8)"
audi_a7_yaw_150.png,approaching/audi_a7_yaw_150.png,approaching,150,audi_a7.glb,D:/JRM-O/assets/models/audi_a7.glb,512,512,"(0, -4.36637, 1.15)","(0, 0, 0.8)"
audi_a7_yaw_160.png,approaching/audi_a7_yaw_160.png,approaching,160,audi_a7.glb,D:/JRM-O/assets/models/audi_a7.glb,512,512,"(0, -4.0745, 1.15)","(0, 0, 0.8)"
audi_a7_yaw_170.png,approaching/audi_a7_yaw_170.png,approaching,170,audi_a7.glb,D:/JRM-O/assets/models/audi_a7.glb,512,512,"(0, -4.13793, 1.15)","(0, 0, 0.8)"
audi_a7_yaw_180.png,approaching/audi_a7_yaw_180.png,approaching,180,audi_a7.glb,D:/JRM-O/assets/models/audi_a7.glb,512,512,"(0, -4.15329, 1.15)","(0, 0, 0.8)"
audi_a7_yaw_190.png,approaching/audi_a7_yaw_190.png,approaching,190,audi_a7.glb,D:/JRM-O/assets/models/audi_a7.glb,512,512,"(0, -4.12028, 1.15)","(0, 0, 0.8)"
audi_a7_yaw_200.png,approaching/audi_a7_yaw_200.png,approaching,200,audi_a7.glb,D:/JRM-O/assets/models/audi_a7.glb,512,512,"(0, -4.03955, 1.15)","(0, 0, 0.8)"
audi_a7_yaw_210.png,approaching/audi_a7_yaw_210.png,approaching,210,audi_a7.glb,D:/JRM-O/assets/models/audi_a7.glb,512,512,"(0, -4.36637, 1.15)","(0, 0, 0.8)"
audi_a7_yaw_220.png,approaching/audi_a7_yaw_220.png,approaching,220,audi_a7.glb,D:/JRM-O/assets/models/audi_a7.glb,512,512,"(0, -4.78061, 1.15)","(0, 0, 0.8)"
audi_a7_yaw_230.png,moving_left/audi_a7_yaw_230.png,moving_left,230,audi_a7.glb,D:/JRM-O/assets/models/audi_a7.glb,512,512,"(0, -5.26114, 1.15)","(0, 0, 0.8)"
audi_a7_yaw_240.png,moving_left/audi_a7_yaw_240.png,moving_left,240,audi_a7.glb,D:/JRM-O/assets/models/audi_a7.glb,512,512,"(0, -5.41483, 1.15)","(0, 0, 0.8)"
audi_a7_yaw_250.png,moving_left/audi_a7_yaw_250.png,moving_left,250,audi_a7.glb,D:/JRM-O/assets/models/audi_a7.glb,512,512,"(0, -5.40486, 1.15)","(0, 0, 0.8)"
audi_a7_yaw_260.png,moving_left/audi_a7_yaw_260.png,moving_left,260,audi_a7.glb,D:/JRM-O/assets/models/audi_a7.glb,512,512,"(0, -5.38803, 1.15)","(0, 0, 0.8)"
audi_a7_yaw_270.png,moving_left/audi_a7_yaw_270.png,moving_left,270,audi_a7.glb,D:/JRM-O/assets/models/audi_a7.glb,512,512,"(0, -5.29747, 1.15)","(0, 0, 0.8)"
audi_a7_yaw_280.png,moving_left/audi_a7_yaw_280.png,moving_left,280,audi_a7.glb,D:/JRM-O/assets/models/audi_a7.glb,512,512,"(0, -5.04671, 1.15)","(0, 0, 0.8)"
audi_a7_yaw_290.png,moving_left/audi_a7_yaw_290.png,moving_left,290,audi_a7.glb,D:/JRM-O/assets/models/audi_a7.glb,512,512,"(0, -4.76805, 1.15)","(0, 0, 0.8)"
audi_a7_yaw_300.png,moving_left/audi_a7_yaw_300.png,moving_left,300,audi_a7.glb,D:/JRM-O/assets/models/audi_a7.glb,512,512,"(0, -4.59547, 1.15)","(0, 0, 0.8)"
audi_a7_yaw_310.png,moving_left/audi_a7_yaw_310.png,moving_left,310,audi_a7.glb,D:/JRM-O/assets/models/audi_a7.glb,512,512,"(0, -4.32462, 1.15)","(0, 0, 0.8)"
audi_a7_yaw_320.png,leaving/audi_a7_yaw_320.png,leaving,320,audi_a7.glb,D:/JRM-O/assets/models/audi_a7.glb,512,512,"(0, -4.09868, 1.15)","(0, 0, 0.8)"
audi_a7_yaw_330.png,leaving/audi_a7_yaw_330.png,leaving,330,audi_a7.glb,D:/JRM-O/assets/models/audi_a7.glb,512,512,"(0, -3.91878, 1.15)","(0, 0, 0.8)"
audi_a7_yaw_340.png,leaving/audi_a7_yaw_340.png,leaving,340,audi_a7.glb,D:/JRM-O/assets/models/audi_a7.glb,512,512,"(0, -3.62013, 1.15)","(0, 0, 0.8)"
audi_a7_yaw_350.png,leaving/audi_a7_yaw_350.png,leaving,350,audi_a7.glb,D:/JRM-O/assets/models/audi_a7.glb,512,512,"(0, -3.21322, 1.15)","(0, 0, 0.8)"
audi_r8_v10_plus_2016_yaw_000.png,leaving/audi_r8_v10_plus_2016_yaw_000.png,leaving,0,audi_r8_v10_plus_2016.glb,D:/JRM-O/assets/models/audi_r8_v10_plus_2016.glb,512,512,"(0, -3.89156, 1.15)","(0, 0, 0.8)"
audi_r8_v10_plus_2016_yaw_010.png,leaving/audi_r8_v10_plus_2016_yaw_010.png,leaving,10,audi_r8_v10_plus_2016.glb,D:/JRM-O/assets/models/audi_r8_v10_plus_2016.glb,512,512,"(0, -4.05605, 1.15)","(0, 0, 0.8)"
audi_r8_v10_plus_2016_yaw_020.png,leaving/audi_r8_v10_plus_2016_yaw_020.png,leaving,20,audi_r8_v10_plus_2016.glb,D:/JRM-O/assets/models/audi_r8_v10_plus_2016.glb,512,512,"(0, -4.5636, 1.15)","(0, 0, 0.8)"
audi_r8_v10_plus_2016_yaw_030.png,leaving/audi_r8_v10_plus_2016_yaw_030.png,leaving,30,audi_r8_v10_plus_2016.glb,D:/JRM-O/assets/models/audi_r8_v10_plus_2016.glb,512,512,"(0, -4.92936, 1.15)","(0, 0, 0.8)"
audi_r8_v10_plus_2016_yaw_040.png,leaving/audi_r8_v10_plus_2016_yaw_040.png,leaving,40,audi_r8_v10_plus_2016.glb,D:/JRM-O/assets/models/audi_r8_v10_plus_2016.glb,512,512,"(0, -5.14301, 1.15)","(0, 0, 0.8)"
audi_r8_v10_plus_2016_yaw_050.png,moving_right/audi_r8_v10_plus_2016_yaw_050.png,moving_right,50,audi_r8_v10_plus_2016.glb,D:/JRM-O/assets/models/audi_r8_v10_plus_2016.glb,512,512,"(0, -5.41621, 1.15)","(0, 0, 0.8)"
audi_r8_v10_plus_2016_yaw_060.png,moving_right/audi_r8_v10_plus_2016_yaw_060.png,moving_right,60,audi_r8_v10_plus_2016.glb,D:/JRM-O/assets/models/audi_r8_v10_plus_2016.glb,512,512,"(0, -5.31982, 1.15)","(0, 0, 0.8)"
audi_r8_v10_plus_2016_yaw_070.png,moving_right/audi_r8_v10_plus_2016_yaw_070.png,moving_right,70,audi_r8_v10_plus_2016.glb,D:/JRM-O/assets/models/audi_r8_v10_plus_2016.glb,512,512,"(0, -5.21902, 1.15)","(0, 0, 0.8)"
audi_r8_v10_plus_2016_yaw_080.png,moving_right/audi_r8_v10_plus_2016_yaw_080.png,moving_right,80,audi_r8_v10_plus_2016.glb,D:/JRM-O/assets/models/audi_r8_v10_plus_2016.glb,512,512,"(0, -5.37175, 1.15)","(0, 0, 0.8)"
audi_r8_v10_plus_2016_yaw_090.png,moving_right/audi_r8_v10_plus_2016_yaw_090.png,moving_right,90,audi_r8_v10_plus_2016.glb,D:/JRM-O/assets/models/audi_r8_v10_plus_2016.glb,512,512,"(0, -5.38572, 1.15)","(0, 0, 0.8)"
audi_r8_v10_plus_2016_yaw_100.png,moving_right/audi_r8_v10_plus_2016_yaw_100.png,moving_right,100,audi_r8_v10_plus_2016.glb,D:/JRM-O/assets/models/audi_r8_v10_plus_2016.glb,512,512,"(0, -5.40409, 1.15)","(0, 0, 0.8)"
audi_r8_v10_plus_2016_yaw_110.png,moving_right/audi_r8_v10_plus_2016_yaw_110.png,moving_right,110,audi_r8_v10_plus_2016.glb,D:/JRM-O/assets/models/audi_r8_v10_plus_2016.glb,512,512,"(0, -5.25655, 1.15)","(0, 0, 0.8)"
audi_r8_v10_plus_2016_yaw_120.png,moving_right/audi_r8_v10_plus_2016_yaw_120.png,moving_right,120,audi_r8_v10_plus_2016.glb,D:/JRM-O/assets/models/audi_r8_v10_plus_2016.glb,512,512,"(0, -5.29515, 1.15)","(0, 0, 0.8)"
audi_r8_v10_plus_2016_yaw_130.png,moving_right/audi_r8_v10_plus_2016_yaw_130.png,moving_right,130,audi_r8_v10_plus_2016.glb,D:/JRM-O/assets/models/audi_r8_v10_plus_2016.glb,512,512,"(0, -5.38633, 1.15)","(0, 0, 0.8)"
audi_r8_v10_plus_2016_yaw_140.png,approaching/audi_r8_v10_plus_2016_yaw_140.png,approaching,140,audi_r8_v10_plus_2016.glb,D:/JRM-O/assets/models/audi_r8_v10_plus_2016.glb,512,512,"(0, -5.10838, 1.15)","(0, 0, 0.8)"
audi_r8_v10_plus_2016_yaw_150.png,approaching/audi_r8_v10_plus_2016_yaw_150.png,approaching,150,audi_r8_v10_plus_2016.glb,D:/JRM-O/assets/models/audi_r8_v10_plus_2016.glb,512,512,"(0, -4.8897, 1.15)","(0, 0, 0.8)"
audi_r8_v10_plus_2016_yaw_160.png,approaching/audi_r8_v10_plus_2016_yaw_160.png,approaching,160,audi_r8_v10_plus_2016.glb,D:/JRM-O/assets/models/audi_r8_v10_plus_2016.glb,512,512,"(0, -4.51963, 1.15)","(0, 0, 0.8)"
audi_r8_v10_plus_2016_yaw_170.png,approaching/audi_r8_v10_plus_2016_yaw_170.png,approaching,170,audi_r8_v10_plus_2016.glb,D:/JRM-O/assets/models/audi_r8_v10_plus_2016.glb,512,512,"(0, -4.10635, 1.15)","(0, 0, 0.8)"
audi_r8_v10_plus_2016_yaw_180.png,approaching/audi_r8_v10_plus_2016_yaw_180.png,approaching,180,audi_r8_v10_plus_2016.glb,D:/JRM-O/assets/models/audi_r8_v10_plus_2016.glb,512,512,"(0, -4.00296, 1.15)","(0, 0, 0.8)"
audi_r8_v10_plus_2016_yaw_190.png,approaching/audi_r8_v10_plus_2016_yaw_190.png,approaching,190,audi_r8_v10_plus_2016.glb,D:/JRM-O/assets/models/audi_r8_v10_plus_2016.glb,512,512,"(0, -4.10635, 1.15)","(0, 0, 0.8)"
audi_r8_v10_plus_2016_yaw_200.png,approaching/audi_r8_v10_plus_2016_yaw_200.png,approaching,200,audi_r8_v10_plus_2016.glb,D:/JRM-O/assets/models/audi_r8_v10_plus_2016.glb,512,512,"(0, -4.51963, 1.15)","(0, 0, 0.8)"
audi_r8_v10_plus_2016_yaw_210.png,approaching/audi_r8_v10_plus_2016_yaw_210.png,approaching,210,audi_r8_v10_plus_2016.glb,D:/JRM-O/assets/models/audi_r8_v10_plus_2016.glb,512,512,"(0, -4.8897, 1.15)","(0, 0, 0.8)"
audi_r8_v10_plus_2016_yaw_220.png,approaching/audi_r8_v10_plus_2016_yaw_220.png,approaching,220,audi_r8_v10_plus_2016.glb,D:/JRM-O/assets/models/audi_r8_v10_plus_2016.glb,512,512,"(0, -5.10838, 1.15)","(0, 0, 0.8)"
audi_r8_v10_plus_2016_yaw_230.png,moving_left/audi_r8_v10_plus_2016_yaw_230.png,moving_left,230,audi_r8_v10_plus_2016.glb,D:/JRM-O/assets/models/audi_r8_v10_plus_2016.glb,512,512,"(0, -5.38633, 1.15)","(0, 0, 0.8)"
audi_r8_v10_plus_2016_yaw_240.png,moving_left/audi_r8_v10_plus_2016_yaw_240.png,moving_left,240,audi_r8_v10_plus_2016.glb,D:/JRM-O/assets/models/audi_r8_v10_plus_2016.glb,512,512,"(0, -5.29514, 1.15)","(0, 0, 0.8)"
audi_r8_v10_plus_2016_yaw_250.png,moving_left/audi_r8_v10_plus_2016_yaw_250.png,moving_left,250,audi_r8_v10_plus_2016.glb,D:/JRM-O/assets/models/audi_r8_v10_plus_2016.glb,512,512,"(0, -5.25656, 1.15)","(0, 0, 0.8)"
audi_r8_v10_plus_2016_yaw_260.png,moving_left/audi_r8_v10_plus_2016_yaw_260.png,moving_left,260,audi_r8_v10_plus_2016.glb,D:/JRM-O/assets/models/audi_r8_v10_plus_2016.glb,512,512,"(0, -5.40409, 1.15)","(0, 0, 0.8)"
audi_r8_v10_plus_2016_yaw_270.png,moving_left/audi_r8_v10_plus_2016_yaw_270.png,moving_left,270,audi_r8_v10_plus_2016.glb,D:/JRM-O/assets/models/audi_r8_v10_plus_2016.glb,512,512,"(0, -5.38573, 1.15)","(0, 0, 0.8)"
audi_r8_v10_plus_2016_yaw_280.png,moving_left/audi_r8_v10_plus_2016_yaw_280.png,moving_left,280,audi_r8_v10_plus_2016.glb,D:/JRM-O/assets/models/audi_r8_v10_plus_2016.glb,512,512,"(0, -5.37174, 1.15)","(0, 0, 0.8)"
audi_r8_v10_plus_2016_yaw_290.png,moving_left/audi_r8_v10_plus_2016_yaw_290.png,moving_left,290,audi_r8_v10_plus_2016.glb,D:/JRM-O/assets/models/audi_r8_v10_plus_2016.glb,512,512,"(0, -5.21901, 1.15)","(0, 0, 0.8)"
audi_r8_v10_plus_2016_yaw_300.png,moving_left/audi_r8_v10_plus_2016_yaw_300.png,moving_left,300,audi_r8_v10_plus_2016.glb,D:/JRM-O/assets/models/audi_r8_v10_plus_2016.glb,512,512,"(0, -5.31983, 1.15)","(0, 0, 0.8)"
audi_r8_v10_plus_2016_yaw_310.png,moving_left/audi_r8_v10_plus_2016_yaw_310.png,moving_left,310,audi_r8_v10_plus_2016.glb,D:/JRM-O/assets/models/audi_r8_v10_plus_2016.glb,512,512,"(0, -5.41622, 1.15)","(0, 0, 0.8)"
audi_r8_v10_plus_2016_yaw_320.png,leaving/audi_r8_v10_plus_2016_yaw_320.png,leaving,320,audi_r8_v10_plus_2016.glb,D:/JRM-O/assets/models/audi_r8_v10_plus_2016.glb,512,512,"(0, -5.14302, 1.15)","(0, 0, 0.8)"
audi_r8_v10_plus_2016_yaw_330.png,leaving/audi_r8_v10_plus_2016_yaw_330.png,leaving,330,audi_r8_v10_plus_2016.glb,D:/JRM-O/assets/models/audi_r8_v10_plus_2016.glb,512,512,"(0, -4.92937, 1.15)","(0, 0, 0.8)"
audi_r8_v10_plus_2016_yaw_340.png,leaving/audi_r8_v10_plus_2016_yaw_340.png,leaving,340,audi_r8_v10_plus_2016.glb,D:/JRM-O/assets/models/audi_r8_v10_plus_2016.glb,512,512,"(0, -4.56361, 1.15)","(0, 0, 0.8)"
audi_r8_v10_plus_2016_yaw_350.png,leaving/audi_r8_v10_plus_2016_yaw_350.png,leaving,350,audi_r8_v10_plus_2016.glb,D:/JRM-O/assets/models/audi_r8_v10_plus_2016.glb,512,512,"(0, -4.05605, 1.15)","(0, 0, 0.8)"
batmobile_yaw_000.png,leaving/batmobile_yaw_000.png,leaving,0,batmobile.glb,D:/JRM-O/assets/models/batmobile.glb,512,512,"(0, -4.11056, 1.15)","(0, 0, 0.8)"
batmobile_yaw_010.png,leaving/batmobile_yaw_010.png,leaving,10,batmobile.glb,D:/JRM-O/assets/models/batmobile.glb,512,512,"(0, -4.20555, 1.15)","(0, 0, 0.8)"
batmobile_yaw_020.png,leaving/batmobile_yaw_020.png,leaving,20,batmobile.glb,D:/JRM-O/assets/models/batmobile.glb,512,512,"(0, -4.41796, 1.15)","(0, 0, 0.8)"
batmobile_yaw_030.png,leaving/batmobile_yaw_030.png,leaving,30,batmobile.glb,D:/JRM-O/assets/models/batmobile.glb,512,512,"(0, -4.79188, 1.15)","(0, 0, 0.8)"
batmobile_yaw_040.png,leaving/batmobile_yaw_040.png,leaving,40,batmobile.glb,D:/JRM-O/assets/models/batmobile.glb,512,512,"(0, -5.01934, 1.15)","(0, 0, 0.8)"
batmobile_yaw_050.png,moving_right/batmobile_yaw_050.png,moving_right,50,batmobile.glb,D:/JRM-O/assets/models/batmobile.glb,512,512,"(0, -5.30362, 1.15)","(0, 0, 0.8)"
batmobile_yaw_060.png,moving_right/batmobile_yaw_060.png,moving_right,60,batmobile.glb,D:/JRM-O/assets/models/batmobile.glb,512,512,"(0, -5.23158, 1.15)","(0, 0, 0.8)"
batmobile_yaw_070.png,moving_right/batmobile_yaw_070.png,moving_right,70,batmobile.glb,D:/JRM-O/assets/models/batmobile.glb,512,512,"(0, -5.17738, 1.15)","(0, 0, 0.8)"
batmobile_yaw_080.png,moving_right/batmobile_yaw_080.png,moving_right,80,batmobile.glb,D:/JRM-O/assets/models/batmobile.glb,512,512,"(0, -5.39376, 1.15)","(0, 0, 0.8)"
batmobile_yaw_090.png,moving_right/batmobile_yaw_090.png,moving_right,90,batmobile.glb,D:/JRM-O/assets/models/batmobile.glb,512,512,"(0, -5.44526, 1.15)","(0, 0, 0.8)"
batmobile_yaw_100.png,moving_right/batmobile_yaw_100.png,moving_right,100,batmobile.glb,D:/JRM-O/assets/models/batmobile.glb,512,512,"(0, -5.33027, 1.15)","(0, 0, 0.8)"
batmobile_yaw_110.png,moving_right/batmobile_yaw_110.png,moving_right,110,batmobile.glb,D:/JRM-O/assets/models/batmobile.glb,512,512,"(0, -5.21969, 1.15)","(0, 0, 0.8)"
batmobile_yaw_120.png,moving_right/batmobile_yaw_120.png,moving_right,120,batmobile.glb,D:/JRM-O/assets/models/batmobile.glb,512,512,"(0, -5.4119, 1.15)","(0, 0, 0.8)"
batmobile_yaw_130.png,moving_right/batmobile_yaw_130.png,moving_right,130,batmobile.glb,D:/JRM-O/assets/models/batmobile.glb,512,512,"(0, -5.4387, 1.15)","(0, 0, 0.8)"
batmobile_yaw_140.png,approaching/batmobile_yaw_140.png,approaching,140,batmobile.glb,D:/JRM-O/assets/models/batmobile.glb,512,512,"(0, -5.10349, 1.15)","(0, 0, 0.8)"
batmobile_yaw_150.png,approaching/batmobile_yaw_150.png,approaching,150,batmobile.glb,D:/JRM-O/assets/models/batmobile.glb,512,512,"(0, -4.82457, 1.15)","(0, 0, 0.8)"
batmobile_yaw_160.png,approaching/batmobile_yaw_160.png,approaching,160,batmobile.glb,D:/JRM-O/assets/models/batmobile.glb,512,512,"(0, -4.39698, 1.15)","(0, 0, 0.8)"
batmobile_yaw_170.png,approaching/batmobile_yaw_170.png,approaching,170,batmobile.glb,D:/JRM-O/assets/models/batmobile.glb,512,512,"(0, -4.27661, 1.15)","(0, 0, 0.8)"
batmobile_yaw_180.png,approaching/batmobile_yaw_180.png,approaching,180,batmobile.glb,D:/JRM-O/assets/models/batmobile.glb,512,512,"(0, -4.19515, 1.15)","(0, 0, 0.8)"
batmobile_yaw_190.png,approaching/batmobile_yaw_190.png,approaching,190,batmobile.glb,D:/JRM-O/assets/models/batmobile.glb,512,512,"(0, -4.27661, 1.15)","(0, 0, 0.8)"
batmobile_yaw_200.png,approaching/batmobile_yaw_200.png,approaching,200,batmobile.glb,D:/JRM-O/assets/models/batmobile.glb,512,512,"(0, -4.39698, 1.15)","(0, 0, 0.8)"
batmobile_yaw_210.png,approaching/batmobile_yaw_210.png,approaching,210,batmobile.glb,D:/JRM-O/assets/models/batmobile.glb,512,512,"(0, -4.82457, 1.15)","(0, 0, 0.8)"
batmobile_yaw_220.png,approaching/batmobile_yaw_220.png,approaching,220,batmobile.glb,D:/JRM-O/assets/models/batmobile.glb,512,512,"(0, -5.10349, 1.15)","(0, 0, 0.8)"
batmobile_yaw_230.png,moving_left/batmobile_yaw_230.png,moving_left,230,batmobile.glb,D:/JRM-O/assets/models/batmobile.glb,512,512,"(0, -5.4387, 1.15)","(0, 0, 0.8)"
batmobile_yaw_240.png,moving_left/batmobile_yaw_240.png,moving_left,240,batmobile.glb,D:/JRM-O/assets/models/batmobile.glb,512,512,"(0, -5.4119, 1.15)","(0, 0, 0.8)"
batmobile_yaw_250.png,moving_left/batmobile_yaw_250.png,moving_left,250,batmobile.glb,D:/JRM-O/assets/models/batmobile.glb,512,512,"(0, -5.21969, 1.15)","(0, 0, 0.8)"
batmobile_yaw_260.png,moving_left/batmobile_yaw_260.png,moving_left,260,batmobile.glb,D:/JRM-O/assets/models/batmobile.glb,512,512,"(0, -5.33027, 1.15)","(0, 0, 0.8)"
batmobile_yaw_270.png,moving_left/batmobile_yaw_270.png,moving_left,270,batmobile.glb,D:/JRM-O/assets/models/batmobile.glb,512,512,"(0, -5.44526, 1.15)","(0, 0, 0.8)"
batmobile_yaw_280.png,moving_left/batmobile_yaw_280.png,moving_left,280,batmobile.glb,D:/JRM-O/assets/models/batmobile.glb,512,512,"(0, -5.39376, 1.15)","(0, 0, 0.8)"
batmobile_yaw_290.png,moving_left/batmobile_yaw_290.png,moving_left,290,batmobile.glb,D:/JRM-O/assets/models/batmobile.glb,512,512,"(0, -5.17738, 1.15)","(0, 0, 0.8)"
batmobile_yaw_300.png,moving_left/batmobile_yaw_300.png,moving_left,300,batmobile.glb,D:/JRM-O/assets/models/batmobile.glb,512,512,"(0, -5.23158, 1.15)","(0, 0, 0.8)"
batmobile_yaw_310.png,moving_left/batmobile_yaw_310.png,moving_left,310,batmobile.glb,D:/JRM-O/assets/models/batmobile.glb,512,512,"(0, -5.30362, 1.15)","(0, 0, 0.8)"
batmobile_yaw_320.png,leaving/batmobile_yaw_320.png,leaving,320,batmobile.glb,D:/JRM-O/assets/models/batmobile.glb,512,512,"(0, -5.01934, 1.15)","(0, 0, 0.8)"
batmobile_yaw_330.png,leaving/batmobile_yaw_330.png,leaving,330,batmobile.glb,D:/JRM-O/assets/models/batmobile.glb,512,512,"(0, -4.79188, 1.15)","(0, 0, 0.8)"
batmobile_yaw_340.png,leaving/batmobile_yaw_340.png,leaving,340,batmobile.glb,D:/JRM-O/assets/models/batmobile.glb,512,512,"(0, -4.41796, 1.15)","(0, 0, 0.8)"
batmobile_yaw_350.png,leaving/batmobile_yaw_350.png,leaving,350,batmobile.glb,D:/JRM-O/assets/models/batmobile.glb,512,512,"(0, -4.20555, 1.15)","(0, 0, 0.8)"
bmw_7_alpine_yaw_000.png,leaving/bmw_7_alpine_yaw_000.png,leaving,0,bmw_7_alpine.glb,D:/JRM-O/assets/models/bmw_7_alpine.glb,512,512,"(0, -3.90603, 1.15)","(0, 0, 0.8)"
bmw_7_alpine_yaw_010.png,leaving/bmw_7_alpine_yaw_010.png,leaving,10,bmw_7_alpine.glb,D:/JRM-O/assets/models/bmw_7_alpine.glb,512,512,"(0, -3.98757, 1.15)","(0, 0, 0.8)"
bmw_7_alpine_yaw_020.png,leaving/bmw_7_alpine_yaw_020.png,leaving,20,bmw_7_alpine.glb,D:/JRM-O/assets/models/bmw_7_alpine.glb,512,512,"(0, -4.36502, 1.15)","(0, 0, 0.8)"
bmw_7_alpine_yaw_030.png,leaving/bmw_7_alpine_yaw_030.png,leaving,30,bmw_7_alpine.glb,D:/JRM-O/assets/models/bmw_7_alpine.glb,512,512,"(0, -4.76496, 1.15)","(0, 0, 0.8)"
bmw_7_alpine_yaw_040.png,leaving/bmw_7_alpine_yaw_040.png,leaving,40,bmw_7_alpine.glb,D:/JRM-O/assets/models/bmw_7_alpine.glb,512,512,"(0, -5.05935, 1.15)","(0, 0, 0.8)"
bmw_7_alpine_yaw_050.png,moving_right/bmw_7_alpine_yaw_050.png,moving_right,50,bmw_7_alpine.glb,D:/JRM-O/assets/models/bmw_7_alpine.glb,512,512,"(0, -5.41047, 1.15)","(0, 0, 0.8)"
bmw_7_alpine_yaw_060.png,moving_right/bmw_7_alpine_yaw_060.png,moving_right,60,bmw_7_alpine.glb,D:/JRM-O/assets/models/bmw_7_alpine.glb,512,512,"(0, -5.39463, 1.15)","(0, 0, 0.8)"
bmw_7_alpine_yaw_070.png,moving_right/bmw_7_alpine_yaw_070.png,moving_right,70,bmw_7_alpine.glb,D:/JRM-O/assets/models/bmw_7_alpine.glb,512,512,"(0, -5.23564, 1.15)","(0, 0, 0.8)"
bmw_7_alpine_yaw_080.png,moving_right/bmw_7_alpine_yaw_080.png,moving_right,80,bmw_7_alpine.glb,D:/JRM-O/assets/models/bmw_7_alpine.glb,512,512,"(0, -5.31911, 1.15)","(0, 0, 0.8)"
bmw_7_alpine_yaw_090.png,moving_right/bmw_7_alpine_yaw_090.png,moving_right,90,bmw_7_alpine.glb,D:/JRM-O/assets/models/bmw_7_alpine.glb,512,512,"(0, -5.42322, 1.15)","(0, 0, 0.8)"
bmw_7_alpine_yaw_100.png,moving_right/bmw_7_alpine_yaw_100.png,moving_right,100,bmw_7_alpine.glb,D:/JRM-O/assets/models/bmw_7_alpine.glb,512,512,"(0, -5.3594, 1.15)","(0, 0, 0.8)"
bmw_7_alpine_yaw_110.png,moving_right/bmw_7_alpine_yaw_110.png,moving_right,110,bmw_7_alpine.glb,D:/JRM-O/assets/models/bmw_7_alpine.glb,512,512,"(0, -5.12805, 1.15)","(0, 0, 0.8)"
bmw_7_alpine_yaw_120.png,moving_right/bmw_7_alpine_yaw_120.png,moving_right,120,bmw_7_alpine.glb,D:/JRM-O/assets/models/bmw_7_alpine.glb,512,512,"(0, -4.87911, 1.15)","(0, 0, 0.8)"
bmw_7_alpine_yaw_130.png,moving_right/bmw_7_alpine_yaw_130.png,moving_right,130,bmw_7_alpine.glb,D:/JRM-O/assets/models/bmw_7_alpine.glb,512,512,"(0, -4.9227, 1.15)","(0, 0, 0.8)"
bmw_7_alpine_yaw_140.png,approaching/bmw_7_alpine_yaw_140.png,approaching,140,bmw_7_alpine.glb,D:/JRM-O/assets/models/bmw_7_alpine.glb,512,512,"(0, -4.62753, 1.15)","(0, 0, 0.8)"
bmw_7_alpine_yaw_150.png,approaching/bmw_7_alpine_yaw_150.png,approaching,150,bmw_7_alpine.glb,D:/JRM-O/assets/models/bmw_7_alpine.glb,512,512,"(0, -4.402, 1.15)","(0, 0, 0.8)"
bmw_7_alpine_yaw_160.png,approaching/bmw_7_alpine_yaw_160.png,approaching,160,bmw_7_alpine.glb,D:/JRM-O/assets/models/bmw_7_alpine.glb,512,512,"(0, -4.08825, 1.15)","(0, 0, 0.8)"
bmw_7_alpine_yaw_170.png,approaching/bmw_7_alpine_yaw_170.png,approaching,170,bmw_7_alpine.glb,D:/JRM-O/assets/models/bmw_7_alpine.glb,512,512,"(0, -3.86821, 1.15)","(0, 0, 0.8)"
bmw_7_alpine_yaw_180.png,approaching/bmw_7_alpine_yaw_180.png,approaching,180,bmw_7_alpine.glb,D:/JRM-O/assets/models/bmw_7_alpine.glb,512,512,"(0, -3.7846, 1.15)","(0, 0, 0.8)"
bmw_7_alpine_yaw_190.png,approaching/bmw_7_alpine_yaw_190.png,approaching,190,bmw_7_alpine.glb,D:/JRM-O/assets/models/bmw_7_alpine.glb,512,512,"(0, -3.86821, 1.15)","(0, 0, 0.8)"
bmw_7_alpine_yaw_200.png,approaching/bmw_7_alpine_yaw_200.png,approaching,200,bmw_7_alpine.glb,D:/JRM-O/assets/models/bmw_7_alpine.glb,512,512,"(0, -4.08825, 1.15)","(0, 0, 0.8)"
bmw_7_alpine_yaw_210.png,approaching/bmw_7_alpine_yaw_210.png,approaching,210,bmw_7_alpine.glb,D:/JRM-O/assets/models/bmw_7_alpine.glb,512,512,"(0, -4.402, 1.15)","(0, 0, 0.8)"
bmw_7_alpine_yaw_220.png,approaching/bmw_7_alpine_yaw_220.png,approaching,220,bmw_7_alpine.glb,D:/JRM-O/assets/models/bmw_7_alpine.glb,512,512,"(0, -4.62753, 1.15)","(0, 0, 0.8)"
bmw_7_alpine_yaw_230.png,moving_left/bmw_7_alpine_yaw_230.png,moving_left,230,bmw_7_alpine.glb,D:/JRM-O/assets/models/bmw_7_alpine.glb,512,512,"(0, -4.9227, 1.15)","(0, 0, 0.8)"
bmw_7_alpine_yaw_240.png,moving_left/bmw_7_alpine_yaw_240.png,moving_left,240,bmw_7_alpine.glb,D:/JRM-O/assets/models/bmw_7_alpine.glb,512,512,"(0, -4.87911, 1.15)","(0, 0, 0.8)"
bmw_7_alpine_yaw_250.png,moving_left/bmw_7_alpine_yaw_250.png,moving_left,250,bmw_7_alpine.glb,D:/JRM-O/assets/models/bmw_7_alpine.glb,512,512,"(0, -5.12805, 1.15)","(0, 0, 0.8)"
bmw_7_alpine_yaw_260.png,moving_left/bmw_7_alpine_yaw_260.png,moving_left,260,bmw_7_alpine.glb,D:/JRM-O/assets/models/bmw_7_alpine.glb,512,512,"(0, -5.3594, 1.15)","(0, 0, 0.8)"
bmw_7_alpine_yaw_270.png,moving_left/bmw_7_alpine_yaw_270.png,moving_left,270,bmw_7_alpine.glb,D:/JRM-O/assets/models/bmw_7_alpine.glb,512,512,"(0, -5.42322, 1.15)","(0, 0, 0.8)"
bmw_7_alpine_yaw_280.png,moving_left/bmw_7_alpine_yaw_280.png,moving_left,280,bmw_7_alpine.glb,D:/JRM-O/assets/models/bmw_7_alpine.glb,512,512,"(0, -5.31911, 1.15)","(0, 0, 0.8)"
bmw_7_alpine_yaw_290.png,moving_left/bmw_7_alpine_yaw_290.png,moving_left,290,bmw_7_alpine.glb,D:/JRM-O/assets/models/bmw_7_alpine.glb,512,512,"(0, -5.23564, 1.15)","(0, 0, 0.8)"
bmw_7_alpine_yaw_300.png,moving_left/bmw_7_alpine_yaw_300.png,moving_left,300,bmw_7_alpine.glb,D:/JRM-O/assets/models/bmw_7_alpine.glb,512,512,"(0, -5.39463, 1.15)","(0, 0, 0.8)"
bmw_7_alpine_yaw_310.png,moving_left/bmw_7_alpine_yaw_310.png,moving_left,310,bmw_7_alpine.glb,D:/JRM-O/assets/models/bmw_7_alpine.glb,512,512,"(0, -5.41047, 1.15)","(0, 0, 0.8)"
bmw_7_alpine_yaw_320.png,leaving/bmw_7_alpine_yaw_320.png,leaving,320,bmw_7_alpine.glb,D:/JRM-O/assets/models/bmw_7_alpine.glb,512,512,"(0, -5.05935, 1.15)","(0, 0, 0.8)"
bmw_7_alpine_yaw_330.png,leaving/bmw_7_alpine_yaw_330.png,leaving,330,bmw_7_alpine.glb,D:/JRM-O/assets/models/bmw_7_alpine.glb,512,512,"(0, -4.76496, 1.15)","(0, 0, 0.8)"
bmw_7_alpine_yaw_340.png,leaving/bmw_7_alpine_yaw_340.png,leaving,340,bmw_7_alpine.glb,D:/JRM-O/assets/models/bmw_7_alpine.glb,512,512,"(0, -4.36502, 1.15)","(0, 0, 0.8)"
bmw_7_alpine_yaw_350.png,leaving/bmw_7_alpine_yaw_350.png,leaving,350,bmw_7_alpine.glb,D:/JRM-O/assets/models/bmw_7_alpine.glb,512,512,"(0, -3.98757, 1.15)","(0, 0, 0.8)"
bmw_e30_yaw_000.png,leaving/bmw_e30_yaw_000.png,leaving,0,bmw_e30.glb,D:/JRM-O/assets/models/bmw_e30.glb,512,512,"(0, -4.04725, 1.15)","(0, 0, 0.8)"
bmw_e30_yaw_010.png,leaving/bmw_e30_yaw_010.png,leaving,10,bmw_e30.glb,D:/JRM-O/assets/models/bmw_e30.glb,512,512,"(0, -4.14088, 1.15)","(0, 0, 0.8)"
bmw_e30_yaw_020.png,leaving/bmw_e30_yaw_020.png,leaving,20,bmw_e30.glb,D:/JRM-O/assets/models/bmw_e30.glb,512,512,"(0, -4.3911, 1.15)","(0, 0, 0.8)"
bmw_e30_yaw_030.png,leaving/bmw_e30_yaw_030.png,leaving,30,bmw_e30.glb,D:/JRM-O/assets/models/bmw_e30.glb,512,512,"(0, -4.77244, 1.15)","(0, 0, 0.8)"
bmw_e30_yaw_040.png,leaving/bmw_e30_yaw_040.png,leaving,40,bmw_e30.glb,D:/JRM-O/assets/models/bmw_e30.glb,512,512,"(0, -5.0051, 1.15)","(0, 0, 0.8)"
bmw_e30_yaw_050.png,moving_right/bmw_e30_yaw_050.png,moving_right,50,bmw_e30.glb,D:/JRM-O/assets/models/bmw_e30.glb,512,512,"(0, -5.29505, 1.15)","(0, 0, 0.8)"
bmw_e30_yaw_060.png,moving_right/bmw_e30_yaw_060.png,moving_right,60,bmw_e30.glb,D:/JRM-O/assets/models/bmw_e30.glb,512,512,"(0, -5.22439, 1.15)","(0, 0, 0.8)"
bmw_e30_yaw_070.png,moving_right/bmw_e30_yaw_070.png,moving_right,70,bmw_e30.glb,D:/JRM-O/assets/models/bmw_e30.glb,512,512,"(0, -5.20027, 1.15)","(0, 0, 0.8)"
bmw_e30_yaw_080.png,moving_right/bmw_e30_yaw_080.png,moving_right,80,bmw_e30.glb,D:/JRM-O/assets/models/bmw_e30.glb,512,512,"(0, -5.38984, 1.15)","(0, 0, 0.8)"
bmw_e30_yaw_090.png,moving_right/bmw_e30_yaw_090.png,moving_right,90,bmw_e30.glb,D:/JRM-O/assets/models/bmw_e30.glb,512,512,"(0, -5.41332, 1.15)","(0, 0, 0.8)"
bmw_e30_yaw_100.png,moving_right/bmw_e30_yaw_100.png,moving_right,100,bmw_e30.glb,D:/JRM-O/assets/models/bmw_e30.glb,512,512,"(0, -5.27183, 1.15)","(0, 0, 0.8)"
bmw_e30_yaw_110.png,moving_right/bmw_e30_yaw_110.png,moving_right,110,bmw_e30.glb,D:/JRM-O/assets/models/bmw_e30.glb,512,512,"(0, -5.14615, 1.15)","(0, 0, 0.8)"
bmw_e30_yaw_120.png,moving_right/bmw_e30_yaw_120.png,moving_right,120,bmw_e30.glb,D:/JRM-O/assets/models/bmw_e30.glb,512,512,"(0, -5.36663, 1.15)","(0, 0, 0.8)"
bmw_e30_yaw_130.png,moving_right/bmw_e30_yaw_130.png,moving_right,130,bmw_e30.glb,D:/JRM-O/assets/models/bmw_e30.glb,512,512,"(0, -5.42171, 1.15)","(0, 0, 0.8)"
bmw_e30_yaw_140.png,approaching/bmw_e30_yaw_140.png,approaching,140,bmw_e30.glb,D:/JRM-O/assets/models/bmw_e30.glb,512,512,"(0, -5.10995, 1.15)","(0, 0, 0.8)"
bmw_e30_yaw_150.png,approaching/bmw_e30_yaw_150.png,approaching,150,bmw_e30.glb,D:/JRM-O/assets/models/bmw_e30.glb,512,512,"(0, -4.85598, 1.15)","(0, 0, 0.8)"
bmw_e30_yaw_160.png,approaching/bmw_e30_yaw_160.png,approaching,160,bmw_e30.glb,D:/JRM-O/assets/models/bmw_e30.glb,512,512,"(0, -4.45092, 1.15)","(0, 0, 0.8)"
bmw_e30_yaw_170.png,approaching/bmw_e30_yaw_170.png,approaching,170,bmw_e30.glb,D:/JRM-O/assets/models/bmw_e30.glb,512,512,"(0, -4.20983, 1.15)","(0, 0, 0.8)"
bmw_e30_yaw_180.png,approaching/bmw_e30_yaw_180.png,approaching,180,bmw_e30.glb,D:/JRM-O/assets/models/bmw_e30.glb,512,512,"(0, -4.11869, 1.15)","(0, 0, 0.8)"
bmw_e30_yaw_190.png,approaching/bmw_e30_yaw_190.png,approaching,190,bmw_e30.glb,D:/JRM-O/assets/models/bmw_e30.glb,512,512,"(0, -4.20983, 1.15)","(0, 0, 0.8)"
bmw_e30_yaw_200.png,approaching/bmw_e30_yaw_200.png,approaching,200,bmw_e30.glb,D:/JRM-O/assets/models/bmw_e30.glb,512,512,"(0, -4.45092, 1.15)","(0, 0, 0.8)"
bmw_e30_yaw_210.png,approaching/bmw_e30_yaw_210.png,approaching,210,bmw_e30.glb,D:/JRM-O/assets/models/bmw_e30.glb,512,512,"(0, -4.85598, 1.15)","(0, 0, 0.8)"
bmw_e30_yaw_220.png,approaching/bmw_e30_yaw_220.png,approaching,220,bmw_e30.glb,D:/JRM-O/assets/models/bmw_e30.glb,512,512,"(0, -5.10995, 1.15)","(0, 0, 0.8)"
bmw_e30_yaw_230.png,moving_left/bmw_e30_yaw_230.png,moving_left,230,bmw_e30.glb,D:/JRM-O/assets/models/bmw_e30.glb,512,512,"(0, -5.42171, 1.15)","(0, 0, 0.8)"
bmw_e30_yaw_240.png,moving_left/bmw_e30_yaw_240.png,moving_left,240,bmw_e30.glb,D:/JRM-O/assets/models/bmw_e30.glb,512,512,"(0, -5.36663, 1.15)","(0, 0, 0.8)"
bmw_e30_yaw_250.png,moving_left/bmw_e30_yaw_250.png,moving_left,250,bmw_e30.glb,D:/JRM-O/assets/models/bmw_e30.glb,512,512,"(0, -5.14615, 1.15)","(0, 0, 0.8)"
bmw_e30_yaw_260.png,moving_left/bmw_e30_yaw_260.png,moving_left,260,bmw_e30.glb,D:/JRM-O/assets/models/bmw_e30.glb,512,512,"(0, -5.27183, 1.15)","(0, 0, 0.8)"
bmw_e30_yaw_270.png,moving_left/bmw_e30_yaw_270.png,moving_left,270,bmw_e30.glb,D:/JRM-O/assets/models/bmw_e30.glb,512,512,"(0, -5.41332, 1.15)","(0, 0, 0.8)"
bmw_e30_yaw_280.png,moving_left/bmw_e30_yaw_280.png,moving_left,280,bmw_e30.glb,D:/JRM-O/assets/models/bmw_e30.glb,512,512,"(0, -5.38984, 1.15)","(0, 0, 0.8)"
bmw_e30_yaw_290.png,moving_left/bmw_e30_yaw_290.png,moving_left,290,bmw_e30.glb,D:/JRM-O/assets/models/bmw_e30.glb,512,512,"(0, -5.20027, 1.15)","(0, 0, 0.8)"
bmw_e30_yaw_300.png,moving_left/bmw_e30_yaw_300.png,moving_left,300,bmw_e30.glb,D:/JRM-O/assets/models/bmw_e30.glb,512,512,"(0, -5.22439, 1.15)","(0, 0, 0.8)"
bmw_e30_yaw_310.png,moving_left/bmw_e30_yaw_310.png,moving_left,310,bmw_e30.glb,D:/JRM-O/assets/models/bmw_e30.glb,512,512,"(0, -5.29505, 1.15)","(0, 0, 0.8)"
bmw_e30_yaw_320.png,leaving/bmw_e30_yaw_320.png,leaving,320,bmw_e30.glb,D:/JRM-O/assets/models/bmw_e30.glb,512,512,"(0, -5.0051, 1.15)","(0, 0, 0.8)"
bmw_e30_yaw_330.png,leaving/bmw_e30_yaw_330.png,leaving,330,bmw_e30.glb,D:/JRM-O/assets/models/bmw_e30.glb,512,512,"(0, -4.77244, 1.15)","(0, 0, 0.8)"
bmw_e30_yaw_340.png,leaving/bmw_e30_yaw_340.png,leaving,340,bmw_e30.glb,D:/JRM-O/assets/models/bmw_e30.glb,512,512,"(0, -4.3911, 1.15)","(0, 0, 0.8)"
bmw_e30_yaw_350.png,leaving/bmw_e30_yaw_350.png,leaving,350,bmw_e30.glb,D:/JRM-O/assets/models/bmw_e30.glb,512,512,"(0, -4.14088, 1.15)","(0, 0, 0.8)"
bmw_m4_competition_yaw_000.png,leaving/bmw_m4_competition_yaw_000.png,leaving,0,bmw_m4_competition.glb,D:/JRM-O/assets/models/bmw_m4_competition.glb,512,512,"(0, -3.85476, 1.15)","(0, 0, 0.8)"
bmw_m4_competition_yaw_010.png,leaving/bmw_m4_competition_yaw_010.png,leaving,10,bmw_m4_competition.glb,D:/JRM-O/assets/models/bmw_m4_competition.glb,512,512,"(0, -3.96094, 1.15)","(0, 0, 0.8)"
bmw_m4_competition_yaw_020.png,leaving/bmw_m4_competition_yaw_020.png,leaving,20,bmw_m4_competition.glb,D:/JRM-O/assets/models/bmw_m4_competition.glb,512,512,"(0, -4.47173, 1.15)","(0, 0, 0.8)"
bmw_m4_competition_yaw_030.png,leaving/bmw_m4_competition_yaw_030.png,leaving,30,bmw_m4_competition.glb,D:/JRM-O/assets/models/bmw_m4_competition.glb,512,512,"(0, -4.84352, 1.15)","(0, 0, 0.8)"
bmw_m4_competition_yaw_040.png,leaving/bmw_m4_competition_yaw_040.png,leaving,40,bmw_m4_competition.glb,D:/JRM-O/assets/models/bmw_m4_competition.glb,512,512,"(0, -5.06688, 1.15)","(0, 0, 0.8)"
bmw_m4_competition_yaw_050.png,moving_right/bmw_m4_competition_yaw_050.png,moving_right,50,bmw_m4_competition.glb,D:/JRM-O/assets/models/bmw_m4_competition.glb,512,512,"(0, -5.36088, 1.15)","(0, 0, 0.8)"
bmw_m4_competition_yaw_060.png,moving_right/bmw_m4_competition_yaw_060.png,moving_right,60,bmw_m4_competition.glb,D:/JRM-O/assets/models/bmw_m4_competition.glb,512,512,"(0, -5.29637, 1.15)","(0, 0, 0.8)"
bmw_m4_competition_yaw_070.png,moving_right/bmw_m4_competition_yaw_070.png,moving_right,70,bmw_m4_competition.glb,D:/JRM-O/assets/models/bmw_m4_competition.glb,512,512,"(0, -5.1967, 1.15)","(0, 0, 0.8)"
bmw_m4_competition_yaw_080.png,moving_right/bmw_m4_competition_yaw_080.png,moving_right,80,bmw_m4_competition.glb,D:/JRM-O/assets/models/bmw_m4_competition.glb,512,512,"(0, -5.36223, 1.15)","(0, 0, 0.8)"
bmw_m4_competition_yaw_090.png,moving_right/bmw_m4_competition_yaw_090.png,moving_right,90,bmw_m4_competition.glb,D:/JRM-O/assets/models/bmw_m4_competition.glb,512,512,"(0, -5.36318, 1.15)","(0, 0, 0.8)"
bmw_m4_competition_yaw_100.png,moving_right/bmw_m4_competition_yaw_100.png,moving_right,100,bmw_m4_competition.glb,D:/JRM-O/assets/models/bmw_m4_competition.glb,512,512,"(0, -5.33966, 1.15)","(0, 0, 0.8)"
bmw_m4_competition_yaw_110.png,moving_right/bmw_m4_competition_yaw_110.png,moving_right,110,bmw_m4_competition.glb,D:/JRM-O/assets/models/bmw_m4_competition.glb,512,512,"(0, -5.17071, 1.15)","(0, 0, 0.8)"
bmw_m4_competition_yaw_120.png,moving_right/bmw_m4_competition_yaw_120.png,moving_right,120,bmw_m4_competition.glb,D:/JRM-O/assets/models/bmw_m4_competition.glb,512,512,"(0, -5.31419, 1.15)","(0, 0, 0.8)"
bmw_m4_competition_yaw_130.png,moving_right/bmw_m4_competition_yaw_130.png,moving_right,130,bmw_m4_competition.glb,D:/JRM-O/assets/models/bmw_m4_competition.glb,512,512,"(0, -5.38329, 1.15)","(0, 0, 0.8)"
bmw_m4_competition_yaw_140.png,approaching/bmw_m4_competition_yaw_140.png,approaching,140,bmw_m4_competition.glb,D:/JRM-O/assets/models/bmw_m4_competition.glb,512,512,"(0, -5.09473, 1.15)","(0, 0, 0.8)"
bmw_m4_competition_yaw_150.png,approaching/bmw_m4_competition_yaw_150.png,approaching,150,bmw_m4_competition.glb,D:/JRM-O/assets/models/bmw_m4_competition.glb,512,512,"(0, -4.86444, 1.15)","(0, 0, 0.8)"
bmw_m4_competition_yaw_160.png,approaching/bmw_m4_competition_yaw_160.png,approaching,160,bmw_m4_competition.glb,D:/JRM-O/assets/models/bmw_m4_competition.glb,512,512,"(0, -4.48384, 1.15)","(0, 0, 0.8)"
bmw_m4_competition_yaw_170.png,approaching/bmw_m4_competition_yaw_170.png,approaching,170,bmw_m4_competition.glb,D:/JRM-O/assets/models/bmw_m4_competition.glb,512,512,"(0, -4.06421, 1.15)","(0, 0, 0.8)"
bmw_m4_competition_yaw_180.png,approaching/bmw_m4_competition_yaw_180.png,approaching,180,bmw_m4_competition.glb,D:/JRM-O/assets/models/bmw_m4_competition.glb,512,512,"(0, -3.96975, 1.15)","(0, 0, 0.8)"
bmw_m4_competition_yaw_190.png,approaching/bmw_m4_competition_yaw_190.png,approaching,190,bmw_m4_competition.glb,D:/JRM-O/assets/models/bmw_m4_competition.glb,512,512,"(0, -4.06421, 1.15)","(0, 0, 0.8)"
bmw_m4_competition_yaw_200.png,approaching/bmw_m4_competition_yaw_200.png,approaching,200,bmw_m4_competition.glb,D:/JRM-O/assets/models/bmw_m4_competition.glb,512,512,"(0, -4.48383, 1.15)","(0, 0, 0.8)"
bmw_m4_competition_yaw_210.png,approaching/bmw_m4_competition_yaw_210.png,approaching,210,bmw_m4_competition.glb,D:/JRM-O/assets/models/bmw_m4_competition.glb,512,512,"(0, -4.86444, 1.15)","(0, 0, 0.8)"
bmw_m4_competition_yaw_220.png,approaching/bmw_m4_competition_yaw_220.png,approaching,220,bmw_m4_competition.glb,D:/JRM-O/assets/models/bmw_m4_competition.glb,512,512,"(0, -5.09473, 1.15)","(0, 0, 0.8)"
bmw_m4_competition_yaw_230.png,moving_left/bmw_m4_competition_yaw_230.png,moving_left,230,bmw_m4_competition.glb,D:/JRM-O/assets/models/bmw_m4_competition.glb,512,512,"(0, -5.38329, 1.15)","(0, 0, 0.8)"
bmw_m4_competition_yaw_240.png,moving_left/bmw_m4_competition_yaw_240.png,moving_left,240,bmw_m4_competition.glb,D:/JRM-O/assets/models/bmw_m4_competition.glb,512,512,"(0, -5.31419, 1.15)","(0, 0, 0.8)"
bmw_m4_competition_yaw_250.png,moving_left/bmw_m4_competition_yaw_250.png,moving_left,250,bmw_m4_competition.glb,D:/JRM-O/assets/models/bmw_m4_competition.glb,512,512,"(0, -5.17071, 1.15)","(0, 0, 0.8)"
bmw_m4_competition_yaw_260.png,moving_left/bmw_m4_competition_yaw_260.png,moving_left,260,bmw_m4_competition.glb,D:/JRM-O/assets/models/bmw_m4_competition.glb,512,512,"(0, -5.33495, 1.15)","(0, 0, 0.8)"
bmw_m4_competition_yaw_270.png,moving_left/bmw_m4_competition_yaw_270.png,moving_left,270,bmw_m4_competition.glb,D:/JRM-O/assets/models/bmw_m4_competition.glb,512,512,"(0, -5.36318, 1.15)","(0, 0, 0.8)"
bmw_m4_competition_yaw_280.png,moving_left/bmw_m4_competition_yaw_280.png,moving_left,280,bmw_m4_competition.glb,D:/JRM-O/assets/models/bmw_m4_competition.glb,512,512,"(0, -5.36223, 1.15)","(0, 0, 0.8)"
bmw_m4_competition_yaw_290.png,moving_left/bmw_m4_competition_yaw_290.png,moving_left,290,bmw_m4_competition.glb,D:/JRM-O/assets/models/bmw_m4_competition.glb,512,512,"(0, -5.1967, 1.15)","(0, 0, 0.8)"
bmw_m4_competition_yaw_300.png,moving_left/bmw_m4_competition_yaw_300.png,moving_left,300,bmw_m4_competition.glb,D:/JRM-O/assets/models/bmw_m4_competition.glb,512,512,"(0, -5.29861, 1.15)","(0, 0, 0.8)"
bmw_m4_competition_yaw_310.png,moving_left/bmw_m4_competition_yaw_310.png,moving_left,310,bmw_m4_competition.glb,D:/JRM-O/assets/models/bmw_m4_competition.glb,512,512,"(0, -5.36483, 1.15)","(0, 0, 0.8)"
bmw_m4_competition_yaw_320.png,leaving/bmw_m4_competition_yaw_320.png,leaving,320,bmw_m4_competition.glb,D:/JRM-O/assets/models/bmw_m4_competition.glb,512,512,"(0, -5.0721, 1.15)","(0, 0, 0.8)"
bmw_m4_competition_yaw_330.png,leaving/bmw_m4_competition_yaw_330.png,leaving,330,bmw_m4_competition.glb,D:/JRM-O/assets/models/bmw_m4_competition.glb,512,512,"(0, -4.84352, 1.15)","(0, 0, 0.8)"
bmw_m4_competition_yaw_340.png,leaving/bmw_m4_competition_yaw_340.png,leaving,340,bmw_m4_competition.glb,D:/JRM-O/assets/models/bmw_m4_competition.glb,512,512,"(0, -4.47173, 1.15)","(0, 0, 0.8)"
bmw_m4_competition_yaw_350.png,leaving/bmw_m4_competition_yaw_350.png,leaving,350,bmw_m4_competition.glb,D:/JRM-O/assets/models/bmw_m4_competition.glb,512,512,"(0, -3.96093, 1.15)","(0, 0, 0.8)"
bugatti_chiron_yaw_000.png,leaving/bugatti_chiron_yaw_000.png,leaving,0,bugatti_chiron.glb,D:/JRM-O/assets/models/bugatti_chiron.glb,512,512,"(0, -3.95936, 1.15)","(0, 0, 0.8)"
bugatti_chiron_yaw_010.png,leaving/bugatti_chiron_yaw_010.png,leaving,10,bugatti_chiron.glb,D:/JRM-O/assets/models/bugatti_chiron.glb,512,512,"(0, -4.05041, 1.15)","(0, 0, 0.8)"
bugatti_chiron_yaw_020.png,leaving/bugatti_chiron_yaw_020.png,leaving,20,bugatti_chiron.glb,D:/JRM-O/assets/models/bugatti_chiron.glb,512,512,"(0, -4.52177, 1.15)","(0, 0, 0.8)"
bugatti_chiron_yaw_030.png,leaving/bugatti_chiron_yaw_030.png,leaving,30,bugatti_chiron.glb,D:/JRM-O/assets/models/bugatti_chiron.glb,512,512,"(0, -4.85302, 1.15)","(0, 0, 0.8)"
bugatti_chiron_yaw_040.png,leaving/bugatti_chiron_yaw_040.png,leaving,40,bugatti_chiron.glb,D:/JRM-O/assets/models/bugatti_chiron.glb,512,512,"(0, -5.03521, 1.15)","(0, 0, 0.8)"
bugatti_chiron_yaw_050.png,moving_right/bugatti_chiron_yaw_050.png,moving_right,50,bugatti_chiron.glb,D:/JRM-O/assets/models/bugatti_chiron.glb,512,512,"(0, -5.27623, 1.15)","(0, 0, 0.8)"
bugatti_chiron_yaw_060.png,moving_right/bugatti_chiron_yaw_060.png,moving_right,60,bugatti_chiron.glb,D:/JRM-O/assets/models/bugatti_chiron.glb,512,512,"(0, -5.23664, 1.15)","(0, 0, 0.8)"
bugatti_chiron_yaw_070.png,moving_right/bugatti_chiron_yaw_070.png,moving_right,70,bugatti_chiron.glb,D:/JRM-O/assets/models/bugatti_chiron.glb,512,512,"(0, -5.56501, 1.15)","(0, 0, 0.8)"
bugatti_chiron_yaw_080.png,moving_right/bugatti_chiron_yaw_080.png,moving_right,80,bugatti_chiron.glb,D:/JRM-O/assets/models/bugatti_chiron.glb,512,512,"(0, -5.72485, 1.15)","(0, 0, 0.8)"
bugatti_chiron_yaw_090.png,moving_right/bugatti_chiron_yaw_090.png,moving_right,90,bugatti_chiron.glb,D:/JRM-O/assets/models/bugatti_chiron.glb,512,512,"(0, -5.71102, 1.15)","(0, 0, 0.8)"
bugatti_chiron_yaw_100.png,moving_right/bugatti_chiron_yaw_100.png,moving_right,100,bugatti_chiron.glb,D:/JRM-O/assets/models/bugatti_chiron.glb,512,512,"(0, -5.52382, 1.15)","(0, 0, 0.8)"
bugatti_chiron_yaw_110.png,moving_right/bugatti_chiron_yaw_110.png,moving_right,110,bugatti_chiron.glb,D:/JRM-O/assets/models/bugatti_chiron.glb,512,512,"(0, -5.37743, 1.15)","(0, 0, 0.8)"
bugatti_chiron_yaw_120.png,moving_right/bugatti_chiron_yaw_120.png,moving_right,120,bugatti_chiron.glb,D:/JRM-O/assets/models/bugatti_chiron.glb,512,512,"(0, -5.64438, 1.15)","(0, 0, 0.8)"
bugatti_chiron_yaw_130.png,moving_right/bugatti_chiron_yaw_130.png,moving_right,130,bugatti_chiron.glb,D:/JRM-O/assets/models/bugatti_chiron.glb,512,512,"(0, -5.74008, 1.15)","(0, 0, 0.8)"
bugatti_chiron_yaw_140.png,approaching/bugatti_chiron_yaw_140.png,approaching,140,bugatti_chiron.glb,D:/JRM-O/assets/models/bugatti_chiron.glb,512,512,"(0, -5.44929, 1.15)","(0, 0, 0.8)"
bugatti_chiron_yaw_150.png,approaching/bugatti_chiron_yaw_150.png,approaching,150,bugatti_chiron.glb,D:/JRM-O/assets/models/bugatti_chiron.glb,512,512,"(0, -5.22061, 1.15)","(0, 0, 0.8)"
bugatti_chiron_yaw_160.png,approaching/bugatti_chiron_yaw_160.png,approaching,160,bugatti_chiron.glb,D:/JRM-O/assets/models/bugatti_chiron.glb,512,512,"(0, -4.83757, 1.15)","(0, 0, 0.8)"
bugatti_chiron_yaw_170.png,approaching/bugatti_chiron_yaw_170.png,approaching,170,bugatti_chiron.glb,D:/JRM-O/assets/models/bugatti_chiron.glb,512,512,"(0, -4.31044, 1.15)","(0, 0, 0.8)"
bugatti_chiron_yaw_180.png,approaching/bugatti_chiron_yaw_180.png,approaching,180,bugatti_chiron.glb,D:/JRM-O/assets/models/bugatti_chiron.glb,512,512,"(0, -4.15716, 1.15)","(0, 0, 0.8)"
bugatti_chiron_yaw_190.png,approaching/bugatti_chiron_yaw_190.png,approaching,190,bugatti_chiron.glb,D:/JRM-O/assets/models/bugatti_chiron.glb,512,512,"(0, -4.31044, 1.15)","(0, 0, 0.8)"
bugatti_chiron_yaw_200.png,approaching/bugatti_chiron_yaw_200.png,approaching,200,bugatti_chiron.glb,D:/JRM-O/assets/models/bugatti_chiron.glb,512,512,"(0, -4.83757, 1.15)","(0, 0, 0.8)"
bugatti_chiron_yaw_210.png,approaching/bugatti_chiron_yaw_210.png,approaching,210,bugatti_chiron.glb,D:/JRM-O/assets/models/bugatti_chiron.glb,512,512,"(0, -5.22061, 1.15)","(0, 0, 0.8)"
bugatti_chiron_yaw_220.png,approaching/bugatti_chiron_yaw_220.png,approaching,220,bugatti_chiron.glb,D:/JRM-O/assets/models/bugatti_chiron.glb,512,512,"(0, -5.44929, 1.15)","(0, 0, 0.8)"
bugatti_chiron_yaw_230.png,moving_left/bugatti_chiron_yaw_230.png,moving_left,230,bugatti_chiron.glb,D:/JRM-O/assets/models/bugatti_chiron.glb,512,512,"(0, -5.74008, 1.15)","(0, 0, 0.8)"
bugatti_chiron_yaw_240.png,moving_left/bugatti_chiron_yaw_240.png,moving_left,240,bugatti_chiron.glb,D:/JRM-O/assets/models/bugatti_chiron.glb,512,512,"(0, -5.64438, 1.15)","(0, 0, 0.8)"
bugatti_chiron_yaw_250.png,moving_left/bugatti_chiron_yaw_250.png,moving_left,250,bugatti_chiron.glb,D:/JRM-O/assets/models/bugatti_chiron.glb,512,512,"(0, -5.37743, 1.15)","(0, 0, 0.8)"
bugatti_chiron_yaw_260.png,moving_left/bugatti_chiron_yaw_260.png,moving_left,260,bugatti_chiron.glb,D:/JRM-O/assets/models/bugatti_chiron.glb,512,512,"(0, -5.52382, 1.15)","(0, 0, 0.8)"
bugatti_chiron_yaw_270.png,moving_left/bugatti_chiron_yaw_270.png,moving_left,270,bugatti_chiron.glb,D:/JRM-O/assets/models/bugatti_chiron.glb,512,512,"(0, -5.71102, 1.15)","(0, 0, 0.8)"
bugatti_chiron_yaw_280.png,moving_left/bugatti_chiron_yaw_280.png,moving_left,280,bugatti_chiron.glb,D:/JRM-O/assets/models/bugatti_chiron.glb,512,512,"(0, -5.72485, 1.15)","(0, 0, 0.8)"
bugatti_chiron_yaw_290.png,moving_left/bugatti_chiron_yaw_290.png,moving_left,290,bugatti_chiron.glb,D:/JRM-O/assets/models/bugatti_chiron.glb,512,512,"(0, -5.56501, 1.15)","(0, 0, 0.8)"
bugatti_chiron_yaw_300.png,moving_left/bugatti_chiron_yaw_300.png,moving_left,300,bugatti_chiron.glb,D:/JRM-O/assets/models/bugatti_chiron.glb,512,512,"(0, -5.23664, 1.15)","(0, 0, 0.8)"
bugatti_chiron_yaw_310.png,moving_left/bugatti_chiron_yaw_310.png,moving_left,310,bugatti_chiron.glb,D:/JRM-O/assets/models/bugatti_chiron.glb,512,512,"(0, -5.27623, 1.15)","(0, 0, 0.8)"
bugatti_chiron_yaw_320.png,leaving/bugatti_chiron_yaw_320.png,leaving,320,bugatti_chiron.glb,D:/JRM-O/assets/models/bugatti_chiron.glb,512,512,"(0, -5.03521, 1.15)","(0, 0, 0.8)"
bugatti_chiron_yaw_330.png,leaving/bugatti_chiron_yaw_330.png,leaving,330,bugatti_chiron.glb,D:/JRM-O/assets/models/bugatti_chiron.glb,512,512,"(0, -4.85302, 1.15)","(0, 0, 0.8)"
bugatti_chiron_yaw_340.png,leaving/bugatti_chiron_yaw_340.png,leaving,340,bugatti_chiron.glb,D:/JRM-O/assets/models/bugatti_chiron.glb,512,512,"(0, -4.52177, 1.15)","(0, 0, 0.8)"
bugatti_chiron_yaw_350.png,leaving/bugatti_chiron_yaw_350.png,leaving,350,bugatti_chiron.glb,D:/JRM-O/assets/models/bugatti_chiron.glb,512,512,"(0, -4.05041, 1.15)","(0, 0, 0.8)"
caterham_seven_620r_yaw_000.png,leaving/caterham_seven_620r_yaw_000.png,leaving,0,caterham_seven_620r.glb,D:/JRM-O/assets/models/caterham_seven_620r.glb,512,512,"(0, -4.01985, 1.15)","(0, 0, 0.8)"
caterham_seven_620r_yaw_010.png,leaving/caterham_seven_620r_yaw_010.png,leaving,10,caterham_seven_620r.glb,D:/JRM-O/assets/models/caterham_seven_620r.glb,512,512,"(0, -4.22928, 1.15)","(0, 0, 0.8)"
caterham_seven_620r_yaw_020.png,leaving/caterham_seven_620r_yaw_020.png,leaving,20,caterham_seven_620r.glb,D:/JRM-O/assets/models/caterham_seven_620r.glb,512,512,"(0, -4.64981, 1.15)","(0, 0, 0.8)"
caterham_seven_620r_yaw_030.png,leaving/caterham_seven_620r_yaw_030.png,leaving,30,caterham_seven_620r.glb,D:/JRM-O/assets/models/caterham_seven_620r.glb,512,512,"(0, -4.92773, 1.15)","(0, 0, 0.8)"
caterham_seven_620r_yaw_040.png,leaving/caterham_seven_620r_yaw_040.png,leaving,40,caterham_seven_620r.glb,D:/JRM-O/assets/models/caterham_seven_620r.glb,512,512,"(0, -5.05515, 1.15)","(0, 0, 0.8)"
caterham_seven_620r_yaw_050.png,moving_right/caterham_seven_620r_yaw_050.png,moving_right,50,caterham_seven_620r.glb,D:/JRM-O/assets/models/caterham_seven_620r.glb,512,512,"(0, -5.24322, 1.15)","(0, 0, 0.8)"
caterham_seven_620r_yaw_060.png,moving_right/caterham_seven_620r_yaw_060.png,moving_right,60,caterham_seven_620r.glb,D:/JRM-O/assets/models/caterham_seven_620r.glb,512,512,"(0, -5.0676, 1.15)","(0, 0, 0.8)"
caterham_seven_620r_yaw_070.png,moving_right/caterham_seven_620r_yaw_070.png,moving_right,70,caterham_seven_620r.glb,D:/JRM-O/assets/models/caterham_seven_620r.glb,512,512,"(0, -4.96723, 1.15)","(0, 0, 0.8)"
caterham_seven_620r_yaw_080.png,moving_right/caterham_seven_620r_yaw_080.png,moving_right,80,caterham_seven_620r.glb,D:/JRM-O/assets/models/caterham_seven_620r.glb,512,512,"(0, -5.18184, 1.15)","(0, 0, 0.8)"
caterham_seven_620r_yaw_090.png,moving_right/caterham_seven_620r_yaw_090.png,moving_right,90,caterham_seven_620r.glb,D:/JRM-O/assets/models/caterham_seven_620r.glb,512,512,"(0, -5.23925, 1.15)","(0, 0, 0.8)"
caterham_seven_620r_yaw_100.png,moving_right/caterham_seven_620r_yaw_100.png,moving_right,100,caterham_seven_620r.glb,D:/JRM-O/assets/models/caterham_seven_620r.glb,512,512,"(0, -5.26386, 1.15)","(0, 0, 0.8)"
caterham_seven_620r_yaw_110.png,moving_right/caterham_seven_620r_yaw_110.png,moving_right,110,caterham_seven_620r.glb,D:/JRM-O/assets/models/caterham_seven_620r.glb,512,512,"(0, -5.24019, 1.15)","(0, 0, 0.8)"
caterham_seven_620r_yaw_120.png,moving_right/caterham_seven_620r_yaw_120.png,moving_right,120,caterham_seven_620r.glb,D:/JRM-O/assets/models/caterham_seven_620r.glb,512,512,"(0, -5.32451, 1.15)","(0, 0, 0.8)"
caterham_seven_620r_yaw_130.png,moving_right/caterham_seven_620r_yaw_130.png,moving_right,130,caterham_seven_620r.glb,D:/JRM-O/assets/models/caterham_seven_620r.glb,512,512,"(0, -5.24639, 1.15)","(0, 0, 0.8)"
caterham_seven_620r_yaw_140.png,approaching/caterham_seven_620r_yaw_140.png,approaching,140,caterham_seven_620r.glb,D:/JRM-O/assets/models/caterham_seven_620r.glb,512,512,"(0, -4.90096, 1.15)","(0, 0, 0.8)"
caterham_seven_620r_yaw_150.png,approaching/caterham_seven_620r_yaw_150.png,approaching,150,caterham_seven_620r.glb,D:/JRM-O/assets/models/caterham_seven_620r.glb,512,512,"(0, -4.63012, 1.15)","(0, 0, 0.8)"
caterham_seven_620r_yaw_160.png,approaching/caterham_seven_620r_yaw_160.png,approaching,160,caterham_seven_620r.glb,D:/JRM-O/assets/models/caterham_seven_620r.glb,512,512,"(0, -4.38503, 1.15)","(0, 0, 0.8)"
caterham_seven_620r_yaw_170.png,approaching/caterham_seven_620r_yaw_170.png,approaching,170,caterham_seven_620r.glb,D:/JRM-O/assets/models/caterham_seven_620r.glb,512,512,"(0, -4.14376, 1.15)","(0, 0, 0.8)"
caterham_seven_620r_yaw_180.png,approaching/caterham_seven_620r_yaw_180.png,approaching,180,caterham_seven_620r.glb,D:/JRM-O/assets/models/caterham_seven_620r.glb,512,512,"(0, -4.01664, 1.15)","(0, 0, 0.8)"
caterham_seven_620r_yaw_190.png,approaching/caterham_seven_620r_yaw_190.png,approaching,190,caterham_seven_620r.glb,D:/JRM-O/assets/models/caterham_seven_620r.glb,512,512,"(0, -4.14376, 1.15)","(0, 0, 0.8)"
caterham_seven_620r_yaw_200.png,approaching/caterham_seven_620r_yaw_200.png,approaching,200,caterham_seven_620r.glb,D:/JRM-O/assets/models/caterham_seven_620r.glb,512,512,"(0, -4.37153, 1.15)","(0, 0, 0.8)"
caterham_seven_620r_yaw_210.png,approaching/caterham_seven_620r_yaw_210.png,approaching,210,caterham_seven_620r.glb,D:/JRM-O/assets/models/caterham_seven_620r.glb,512,512,"(0, -4.61663, 1.15)","(0, 0, 0.8)"
caterham_seven_620r_yaw_220.png,approaching/caterham_seven_620r_yaw_220.png,approaching,220,caterham_seven_620r.glb,D:/JRM-O/assets/models/caterham_seven_620r.glb,512,512,"(0, -4.88751, 1.15)","(0, 0, 0.8)"
caterham_seven_620r_yaw_230.png,moving_left/caterham_seven_620r_yaw_230.png,moving_left,230,caterham_seven_620r.glb,D:/JRM-O/assets/models/caterham_seven_620r.glb,512,512,"(0, -5.21453, 1.15)","(0, 0, 0.8)"
caterham_seven_620r_yaw_240.png,moving_left/caterham_seven_620r_yaw_240.png,moving_left,240,caterham_seven_620r.glb,D:/JRM-O/assets/models/caterham_seven_620r.glb,512,512,"(0, -5.19727, 1.15)","(0, 0, 0.8)"
caterham_seven_620r_yaw_250.png,moving_left/caterham_seven_620r_yaw_250.png,moving_left,250,caterham_seven_620r.glb,D:/JRM-O/assets/models/caterham_seven_620r.glb,512,512,"(0, -5.22535, 1.15)","(0, 0, 0.8)"
caterham_seven_620r_yaw_260.png,moving_left/caterham_seven_620r_yaw_260.png,moving_left,260,caterham_seven_620r.glb,D:/JRM-O/assets/models/caterham_seven_620r.glb,512,512,"(0, -5.28586, 1.15)","(0, 0, 0.8)"
caterham_seven_620r_yaw_270.png,moving_left/caterham_seven_620r_yaw_270.png,moving_left,270,caterham_seven_620r.glb,D:/JRM-O/assets/models/caterham_seven_620r.glb,512,512,"(0, -5.29397, 1.15)","(0, 0, 0.8)"
caterham_seven_620r_yaw_280.png,moving_left/caterham_seven_620r_yaw_280.png,moving_left,280,caterham_seven_620r.glb,D:/JRM-O/assets/models/caterham_seven_620r.glb,512,512,"(0, -5.1678, 1.15)","(0, 0, 0.8)"
caterham_seven_620r_yaw_290.png,moving_left/caterham_seven_620r_yaw_290.png,moving_left,290,caterham_seven_620r.glb,D:/JRM-O/assets/models/caterham_seven_620r.glb,512,512,"(0, -4.95318, 1.15)","(0, 0, 0.8)"
caterham_seven_620r_yaw_300.png,moving_left/caterham_seven_620r_yaw_300.png,moving_left,300,caterham_seven_620r.glb,D:/JRM-O/assets/models/caterham_seven_620r.glb,512,512,"(0, -5.07837, 1.15)","(0, 0, 0.8)"
caterham_seven_620r_yaw_310.png,moving_left/caterham_seven_620r_yaw_310.png,moving_left,310,caterham_seven_620r.glb,D:/JRM-O/assets/models/caterham_seven_620r.glb,512,512,"(0, -5.2515, 1.15)","(0, 0, 0.8)"
caterham_seven_620r_yaw_320.png,leaving/caterham_seven_620r_yaw_320.png,leaving,320,caterham_seven_620r.glb,D:/JRM-O/assets/models/caterham_seven_620r.glb,512,512,"(0, -5.06099, 1.15)","(0, 0, 0.8)"
caterham_seven_620r_yaw_330.png,leaving/caterham_seven_620r_yaw_330.png,leaving,330,caterham_seven_620r.glb,D:/JRM-O/assets/models/caterham_seven_620r.glb,512,512,"(0, -4.93157, 1.15)","(0, 0, 0.8)"
caterham_seven_620r_yaw_340.png,leaving/caterham_seven_620r_yaw_340.png,leaving,340,caterham_seven_620r.glb,D:/JRM-O/assets/models/caterham_seven_620r.glb,512,512,"(0, -4.65193, 1.15)","(0, 0, 0.8)"
caterham_seven_620r_yaw_350.png,leaving/caterham_seven_620r_yaw_350.png,leaving,350,caterham_seven_620r.glb,D:/JRM-O/assets/models/caterham_seven_620r.glb,512,512,"(0, -4.23002, 1.15)","(0, 0, 0.8)"
ferrari_f40_yaw_000.png,leaving/ferrari_f40_yaw_000.png,leaving,0,ferrari_f40.glb,D:/JRM-O/assets/models/ferrari_f40.glb,512,512,"(0, -4.03684, 1.15)","(0, 0, 0.8)"
ferrari_f40_yaw_010.png,leaving/ferrari_f40_yaw_010.png,leaving,10,ferrari_f40.glb,D:/JRM-O/assets/models/ferrari_f40.glb,512,512,"(0, -4.09373, 1.15)","(0, 0, 0.8)"
ferrari_f40_yaw_020.png,leaving/ferrari_f40_yaw_020.png,leaving,20,ferrari_f40.glb,D:/JRM-O/assets/models/ferrari_f40.glb,512,512,"(0, -4.31845, 1.15)","(0, 0, 0.8)"
ferrari_f40_yaw_030.png,leaving/ferrari_f40_yaw_030.png,leaving,30,ferrari_f40.glb,D:/JRM-O/assets/models/ferrari_f40.glb,512,512,"(0, -4.59404, 1.15)","(0, 0, 0.8)"
ferrari_f40_yaw_040.png,leaving/ferrari_f40_yaw_040.png,leaving,40,ferrari_f40.glb,D:/JRM-O/assets/models/ferrari_f40.glb,512,512,"(0, -4.73373, 1.15)","(0, 0, 0.8)"
ferrari_f40_yaw_050.png,moving_right/ferrari_f40_yaw_050.png,moving_right,50,ferrari_f40.glb,D:/JRM-O/assets/models/ferrari_f40.glb,512,512,"(0, -5.00642, 1.15)","(0, 0, 0.8)"
ferrari_f40_yaw_060.png,moving_right/ferrari_f40_yaw_060.png,moving_right,60,ferrari_f40.glb,D:/JRM-O/assets/models/ferrari_f40.glb,512,512,"(0, -5.57951, 1.15)","(0, 0, 0.8)"
ferrari_f40_yaw_070.png,moving_right/ferrari_f40_yaw_070.png,moving_right,70,ferrari_f40.glb,D:/JRM-O/assets/models/ferrari_f40.glb,512,512,"(0, -5.98633, 1.15)","(0, 0, 0.8)"
ferrari_f40_yaw_080.png,moving_right/ferrari_f40_yaw_080.png,moving_right,80,ferrari_f40.glb,D:/JRM-O/assets/models/ferrari_f40.glb,512,512,"(0, -6.21517, 1.15)","(0, 0, 0.8)"
ferrari_f40_yaw_090.png,moving_right/ferrari_f40_yaw_090.png,moving_right,90,ferrari_f40.glb,D:/JRM-O/assets/models/ferrari_f40.glb,512,512,"(0, -6.25936, 1.15)","(0, 0, 0.8)"
ferrari_f40_yaw_100.png,moving_right/ferrari_f40_yaw_100.png,moving_right,100,ferrari_f40.glb,D:/JRM-O/assets/models/ferrari_f40.glb,512,512,"(0, -6.11754, 1.15)","(0, 0, 0.8)"
ferrari_f40_yaw_110.png,moving_right/ferrari_f40_yaw_110.png,moving_right,110,ferrari_f40.glb,D:/JRM-O/assets/models/ferrari_f40.glb,512,512,"(0, -5.98728, 1.15)","(0, 0, 0.8)"
ferrari_f40_yaw_120.png,moving_right/ferrari_f40_yaw_120.png,moving_right,120,ferrari_f40.glb,D:/JRM-O/assets/models/ferrari_f40.glb,512,512,"(0, -6.21558, 1.15)","(0, 0, 0.8)"
ferrari_f40_yaw_130.png,moving_right/ferrari_f40_yaw_130.png,moving_right,130,ferrari_f40.glb,D:/JRM-O/assets/models/ferrari_f40.glb,512,512,"(0, -6.25921, 1.15)","(0, 0, 0.8)"
ferrari_f40_yaw_140.png,approaching/ferrari_f40_yaw_140.png,approaching,140,ferrari_f40.glb,D:/JRM-O/assets/models/ferrari_f40.glb,512,512,"(0, -5.89497, 1.15)","(0, 0, 0.8)"
ferrari_f40_yaw_150.png,approaching/ferrari_f40_yaw_150.png,approaching,150,ferrari_f40.glb,D:/JRM-O/assets/models/ferrari_f40.glb,512,512,"(0, -5.5958, 1.15)","(0, 0, 0.8)"
ferrari_f40_yaw_160.png,approaching/ferrari_f40_yaw_160.png,approaching,160,ferrari_f40.glb,D:/JRM-O/assets/models/ferrari_f40.glb,512,512,"(0, -5.12955, 1.15)","(0, 0, 0.8)"
ferrari_f40_yaw_170.png,approaching/ferrari_f40_yaw_170.png,approaching,170,ferrari_f40.glb,D:/JRM-O/assets/models/ferrari_f40.glb,512,512,"(0, -4.62, 1.15)","(0, 0, 0.8)"
ferrari_f40_yaw_180.png,approaching/ferrari_f40_yaw_180.png,approaching,180,ferrari_f40.glb,D:/JRM-O/assets/models/ferrari_f40.glb,512,512,"(0, -4.52667, 1.15)","(0, 0, 0.8)"
ferrari_f40_yaw_190.png,approaching/ferrari_f40_yaw_190.png,approaching,190,ferrari_f40.glb,D:/JRM-O/assets/models/ferrari_f40.glb,512,512,"(0, -4.62, 1.15)","(0, 0, 0.8)"
ferrari_f40_yaw_200.png,approaching/ferrari_f40_yaw_200.png,approaching,200,ferrari_f40.glb,D:/JRM-O/assets/models/ferrari_f40.glb,512,512,"(0, -5.0628, 1.15)","(0, 0, 0.8)"
ferrari_f40_yaw_210.png,approaching/ferrari_f40_yaw_210.png,approaching,210,ferrari_f40.glb,D:/JRM-O/assets/models/ferrari_f40.glb,512,512,"(0, -5.52921, 1.15)","(0, 0, 0.8)"
ferrari_f40_yaw_220.png,approaching/ferrari_f40_yaw_220.png,approaching,220,ferrari_f40.glb,D:/JRM-O/assets/models/ferrari_f40.glb,512,512,"(0, -5.82847, 1.15)","(0, 0, 0.8)"
ferrari_f40_yaw_230.png,moving_left/ferrari_f40_yaw_230.png,moving_left,230,ferrari_f40.glb,D:/JRM-O/assets/models/ferrari_f40.glb,512,512,"(0, -6.18978, 1.15)","(0, 0, 0.8)"
ferrari_f40_yaw_240.png,moving_left/ferrari_f40_yaw_240.png,moving_left,240,ferrari_f40.glb,D:/JRM-O/assets/models/ferrari_f40.glb,512,512,"(0, -6.14614, 1.15)","(0, 0, 0.8)"
ferrari_f40_yaw_250.png,moving_left/ferrari_f40_yaw_250.png,moving_left,250,ferrari_f40.glb,D:/JRM-O/assets/models/ferrari_f40.glb,512,512,"(0, -5.91781, 1.15)","(0, 0, 0.8)"
ferrari_f40_yaw_260.png,moving_left/ferrari_f40_yaw_260.png,moving_left,260,ferrari_f40.glb,D:/JRM-O/assets/models/ferrari_f40.glb,512,512,"(0, -6.04807, 1.15)","(0, 0, 0.8)"
ferrari_f40_yaw_270.png,moving_left/ferrari_f40_yaw_270.png,moving_left,270,ferrari_f40.glb,D:/JRM-O/assets/models/ferrari_f40.glb,512,512,"(0, -6.18992, 1.15)","(0, 0, 0.8)"
ferrari_f40_yaw_280.png,moving_left/ferrari_f40_yaw_280.png,moving_left,280,ferrari_f40.glb,D:/JRM-O/assets/models/ferrari_f40.glb,512,512,"(0, -6.14573, 1.15)","(0, 0, 0.8)"
ferrari_f40_yaw_290.png,moving_left/ferrari_f40_yaw_290.png,moving_left,290,ferrari_f40.glb,D:/JRM-O/assets/models/ferrari_f40.glb,512,512,"(0, -5.91686, 1.15)","(0, 0, 0.8)"
ferrari_f40_yaw_300.png,moving_left/ferrari_f40_yaw_300.png,moving_left,300,ferrari_f40.glb,D:/JRM-O/assets/models/ferrari_f40.glb,512,512,"(0, -5.50996, 1.15)","(0, 0, 0.8)"
ferrari_f40_yaw_310.png,moving_left/ferrari_f40_yaw_310.png,moving_left,310,ferrari_f40.glb,D:/JRM-O/assets/models/ferrari_f40.glb,512,512,"(0, -4.99551, 1.15)","(0, 0, 0.8)"
ferrari_f40_yaw_320.png,leaving/ferrari_f40_yaw_320.png,leaving,320,ferrari_f40.glb,D:/JRM-O/assets/models/ferrari_f40.glb,512,512,"(0, -4.79989, 1.15)","(0, 0, 0.8)"
ferrari_f40_yaw_330.png,leaving/ferrari_f40_yaw_330.png,leaving,330,ferrari_f40.glb,D:/JRM-O/assets/models/ferrari_f40.glb,512,512,"(0, -4.66024, 1.15)","(0, 0, 0.8)"
ferrari_f40_yaw_340.png,leaving/ferrari_f40_yaw_340.png,leaving,340,ferrari_f40.glb,D:/JRM-O/assets/models/ferrari_f40.glb,512,512,"(0, -4.38473, 1.15)","(0, 0, 0.8)"
ferrari_f40_yaw_350.png,leaving/ferrari_f40_yaw_350.png,leaving,350,ferrari_f40.glb,D:/JRM-O/assets/models/ferrari_f40.glb,512,512,"(0, -4.09373, 1.15)","(0, 0, 0.8)"
ford_bronco_raptor_yaw_000.png,leaving/ford_bronco_raptor_yaw_000.png,leaving,0,ford_bronco_raptor.glb,D:/JRM-O/assets/models/ford_bronco_raptor.glb,512,512,"(0, -3.76392, 1.15)","(0, 0, 0.8)"
ford_bronco_raptor_yaw_010.png,leaving/ford_bronco_raptor_yaw_010.png,leaving,10,ford_bronco_raptor.glb,D:/JRM-O/assets/models/ford_bronco_raptor.glb,512,512,"(0, -4.00749, 1.15)","(0, 0, 0.8)"
ford_bronco_raptor_yaw_020.png,leaving/ford_bronco_raptor_yaw_020.png,leaving,20,ford_bronco_raptor.glb,D:/JRM-O/assets/models/ford_bronco_raptor.glb,512,512,"(0, -4.47507, 1.15)","(0, 0, 0.8)"
ford_bronco_raptor_yaw_030.png,leaving/ford_bronco_raptor_yaw_030.png,leaving,30,ford_bronco_raptor.glb,D:/JRM-O/assets/models/ford_bronco_raptor.glb,512,512,"(0, -4.80181, 1.15)","(0, 0, 0.8)"
ford_bronco_raptor_yaw_040.png,leaving/ford_bronco_raptor_yaw_040.png,leaving,40,ford_bronco_raptor.glb,D:/JRM-O/assets/models/ford_bronco_raptor.glb,512,512,"(0, -5.0154, 1.15)","(0, 0, 0.8)"
ford_bronco_raptor_yaw_050.png,moving_right/ford_bronco_raptor_yaw_050.png,moving_right,50,ford_bronco_raptor.glb,D:/JRM-O/assets/models/ford_bronco_raptor.glb,512,512,"(0, -5.38649, 1.15)","(0, 0, 0.8)"
ford_bronco_raptor_yaw_060.png,moving_right/ford_bronco_raptor_yaw_060.png,moving_right,60,ford_bronco_raptor.glb,D:/JRM-O/assets/models/ford_bronco_raptor.glb,512,512,"(0, -5.40206, 1.15)","(0, 0, 0.8)"
ford_bronco_raptor_yaw_070.png,moving_right/ford_bronco_raptor_yaw_070.png,moving_right,70,ford_bronco_raptor.glb,D:/JRM-O/assets/models/ford_bronco_raptor.glb,512,512,"(0, -5.25144, 1.15)","(0, 0, 0.8)"
ford_bronco_raptor_yaw_080.png,moving_right/ford_bronco_raptor_yaw_080.png,moving_right,80,ford_bronco_raptor.glb,D:/JRM-O/assets/models/ford_bronco_raptor.glb,512,512,"(0, -5.33877, 1.15)","(0, 0, 0.8)"
ford_bronco_raptor_yaw_090.png,moving_right/ford_bronco_raptor_yaw_090.png,moving_right,90,ford_bronco_raptor.glb,D:/JRM-O/assets/models/ford_bronco_raptor.glb,512,512,"(0, -5.40645, 1.15)","(0, 0, 0.8)"
ford_bronco_raptor_yaw_100.png,moving_right/ford_bronco_raptor_yaw_100.png,moving_right,100,ford_bronco_raptor.glb,D:/JRM-O/assets/models/ford_bronco_raptor.glb,512,512,"(0, -5.30778, 1.15)","(0, 0, 0.8)"
ford_bronco_raptor_yaw_110.png,moving_right/ford_bronco_raptor_yaw_110.png,moving_right,110,ford_bronco_raptor.glb,D:/JRM-O/assets/models/ford_bronco_raptor.glb,512,512,"(0, -5.08948, 1.15)","(0, 0, 0.8)"
ford_bronco_raptor_yaw_120.png,moving_right/ford_bronco_raptor_yaw_120.png,moving_right,120,ford_bronco_raptor.glb,D:/JRM-O/assets/models/ford_bronco_raptor.glb,512,512,"(0, -5.0701, 1.15)","(0, 0, 0.8)"
ford_bronco_raptor_yaw_130.png,moving_right/ford_bronco_raptor_yaw_130.png,moving_right,130,ford_bronco_raptor.glb,D:/JRM-O/assets/models/ford_bronco_raptor.glb,512,512,"(0, -5.20069, 1.15)","(0, 0, 0.8)"
ford_bronco_raptor_yaw_140.png,approaching/ford_bronco_raptor_yaw_140.png,approaching,140,ford_bronco_raptor.glb,D:/JRM-O/assets/models/ford_bronco_raptor.glb,512,512,"(0, -4.96878, 1.15)","(0, 0, 0.8)"
ford_bronco_raptor_yaw_150.png,approaching/ford_bronco_raptor_yaw_150.png,approaching,150,ford_bronco_raptor.glb,D:/JRM-O/assets/models/ford_bronco_raptor.glb,512,512,"(0, -4.79687, 1.15)","(0, 0, 0.8)"
ford_bronco_raptor_yaw_160.png,approaching/ford_bronco_raptor_yaw_160.png,approaching,160,ford_bronco_raptor.glb,D:/JRM-O/assets/models/ford_bronco_raptor.glb,512,512,"(0, -4.47577, 1.15)","(0, 0, 0.8)"
ford_bronco_raptor_yaw_170.png,approaching/ford_bronco_raptor_yaw_170.png,approaching,170,ford_bronco_raptor.glb,D:/JRM-O/assets/models/ford_bronco_raptor.glb,512,512,"(0, -4.01469, 1.15)","(0, 0, 0.8)"
ford_bronco_raptor_yaw_180.png,approaching/ford_bronco_raptor_yaw_180.png,approaching,180,ford_bronco_raptor.glb,D:/JRM-O/assets/models/ford_bronco_raptor.glb,512,512,"(0, -3.76405, 1.15)","(0, 0, 0.8)"
ford_bronco_raptor_yaw_190.png,approaching/ford_bronco_raptor_yaw_190.png,approaching,190,ford_bronco_raptor.glb,D:/JRM-O/assets/models/ford_bronco_raptor.glb,512,512,"(0, -3.96051, 1.15)","(0, 0, 0.8)"
ford_bronco_raptor_yaw_200.png,approaching/ford_bronco_raptor_yaw_200.png,approaching,200,ford_bronco_raptor.glb,D:/JRM-O/assets/models/ford_bronco_raptor.glb,512,512,"(0, -4.4245, 1.15)","(0, 0, 0.8)"
ford_bronco_raptor_yaw_210.png,approaching/ford_bronco_raptor_yaw_210.png,approaching,210,ford_bronco_raptor.glb,D:/JRM-O/assets/models/ford_bronco_raptor.glb,512,512,"(0, -4.74916, 1.15)","(0, 0, 0.8)"
ford_bronco_raptor_yaw_220.png,approaching/ford_bronco_raptor_yaw_220.png,approaching,220,ford_bronco_raptor.glb,D:/JRM-O/assets/models/ford_bronco_raptor.glb,512,512,"(0, -4.92521, 1.15)","(0, 0, 0.8)"
ford_bronco_raptor_yaw_230.png,moving_left/ford_bronco_raptor_yaw_230.png,moving_left,230,ford_bronco_raptor.glb,D:/JRM-O/assets/models/ford_bronco_raptor.glb,512,512,"(0, -5.15963, 1.15)","(0, 0, 0.8)"
ford_bronco_raptor_yaw_240.png,moving_left/ford_bronco_raptor_yaw_240.png,moving_left,240,ford_bronco_raptor.glb,D:/JRM-O/assets/models/ford_bronco_raptor.glb,512,512,"(0, -5.03414, 1.15)","(0, 0, 0.8)"
ford_bronco_raptor_yaw_250.png,moving_left/ford_bronco_raptor_yaw_250.png,moving_left,250,ford_bronco_raptor.glb,D:/JRM-O/assets/models/ford_bronco_raptor.glb,512,512,"(0, -5.13731, 1.15)","(0, 0, 0.8)"
ford_bronco_raptor_yaw_260.png,moving_left/ford_bronco_raptor_yaw_260.png,moving_left,260,ford_bronco_raptor.glb,D:/JRM-O/assets/models/ford_bronco_raptor.glb,512,512,"(0, -5.35086, 1.15)","(0, 0, 0.8)"
ford_bronco_raptor_yaw_270.png,moving_left/ford_bronco_raptor_yaw_270.png,moving_left,270,ford_bronco_raptor.glb,D:/JRM-O/assets/models/ford_bronco_raptor.glb,512,512,"(0, -5.44463, 1.15)","(0, 0, 0.8)"
ford_bronco_raptor_yaw_280.png,moving_left/ford_bronco_raptor_yaw_280.png,moving_left,280,ford_bronco_raptor.glb,D:/JRM-O/assets/models/ford_bronco_raptor.glb,512,512,"(0, -5.37177, 1.15)","(0, 0, 0.8)"
ford_bronco_raptor_yaw_290.png,moving_left/ford_bronco_raptor_yaw_290.png,moving_left,290,ford_bronco_raptor.glb,D:/JRM-O/assets/models/ford_bronco_raptor.glb,512,512,"(0, -5.27911, 1.15)","(0, 0, 0.8)"
ford_bronco_raptor_yaw_300.png,moving_left/ford_bronco_raptor_yaw_300.png,moving_left,300,ford_bronco_raptor.glb,D:/JRM-O/assets/models/ford_bronco_raptor.glb,512,512,"(0, -5.42448, 1.15)","(0, 0, 0.8)"
ford_bronco_raptor_yaw_310.png,moving_left/ford_bronco_raptor_yaw_310.png,moving_left,310,ford_bronco_raptor.glb,D:/JRM-O/assets/models/ford_bronco_raptor.glb,512,512,"(0, -5.40385, 1.15)","(0, 0, 0.8)"
ford_bronco_raptor_yaw_320.png,leaving/ford_bronco_raptor_yaw_320.png,leaving,320,ford_bronco_raptor.glb,D:/JRM-O/assets/models/ford_bronco_raptor.glb,512,512,"(0, -5.02776, 1.15)","(0, 0, 0.8)"
ford_bronco_raptor_yaw_330.png,leaving/ford_bronco_raptor_yaw_330.png,leaving,330,ford_bronco_raptor.glb,D:/JRM-O/assets/models/ford_bronco_raptor.glb,512,512,"(0, -4.81014, 1.15)","(0, 0, 0.8)"
ford_bronco_raptor_yaw_340.png,leaving/ford_bronco_raptor_yaw_340.png,leaving,340,ford_bronco_raptor.glb,D:/JRM-O/assets/models/ford_bronco_raptor.glb,512,512,"(0, -4.47989, 1.15)","(0, 0, 0.8)"
ford_bronco_raptor_yaw_350.png,leaving/ford_bronco_raptor_yaw_350.png,leaving,350,ford_bronco_raptor.glb,D:/JRM-O/assets/models/ford_bronco_raptor.glb,512,512,"(0, -4.00951, 1.15)","(0, 0, 0.8)"
hyundai_vision_n_yaw_000.png,leaving/hyundai_vision_n_yaw_000.png,leaving,0,hyundai_vision_n.glb,D:/JRM-O/assets/models/hyundai_vision_n.glb,512,512,"(0, -3.85247, 1.15)","(0, 0, 0.8)"
hyundai_vision_n_yaw_010.png,leaving/hyundai_vision_n_yaw_010.png,leaving,10,hyundai_vision_n.glb,D:/JRM-O/assets/models/hyundai_vision_n.glb,512,512,"(0, -3.91429, 1.15)","(0, 0, 0.8)"
hyundai_vision_n_yaw_020.png,leaving/hyundai_vision_n_yaw_020.png,leaving,20,hyundai_vision_n.glb,D:/JRM-O/assets/models/hyundai_vision_n.glb,512,512,"(0, -4.07763, 1.15)","(0, 0, 0.8)"
hyundai_vision_n_yaw_030.png,leaving/hyundai_vision_n_yaw_030.png,leaving,30,hyundai_vision_n.glb,D:/JRM-O/assets/models/hyundai_vision_n.glb,512,512,"(0, -4.41838, 1.15)","(0, 0, 0.8)"
hyundai_vision_n_yaw_040.png,leaving/hyundai_vision_n_yaw_040.png,leaving,40,hyundai_vision_n.glb,D:/JRM-O/assets/models/hyundai_vision_n.glb,512,512,"(0, -4.66332, 1.15)","(0, 0, 0.8)"
hyundai_vision_n_yaw_050.png,moving_right/hyundai_vision_n_yaw_050.png,moving_right,50,hyundai_vision_n.glb,D:/JRM-O/assets/models/hyundai_vision_n.glb,512,512,"(0, -4.95848, 1.15)","(0, 0, 0.8)"
hyundai_vision_n_yaw_060.png,moving_right/hyundai_vision_n_yaw_060.png,moving_right,60,hyundai_vision_n.glb,D:/JRM-O/assets/models/hyundai_vision_n.glb,512,512,"(0, -5.14998, 1.15)","(0, 0, 0.8)"
hyundai_vision_n_yaw_070.png,moving_right/hyundai_vision_n_yaw_070.png,moving_right,70,hyundai_vision_n.glb,D:/JRM-O/assets/models/hyundai_vision_n.glb,512,512,"(0, -5.55271, 1.15)","(0, 0, 0.8)"
hyundai_vision_n_yaw_080.png,moving_right/hyundai_vision_n_yaw_080.png,moving_right,80,hyundai_vision_n.glb,D:/JRM-O/assets/models/hyundai_vision_n.glb,512,512,"(0, -5.79299, 1.15)","(0, 0, 0.8)"
hyundai_vision_n_yaw_090.png,moving_right/hyundai_vision_n_yaw_090.png,moving_right,90,hyundai_vision_n.glb,D:/JRM-O/assets/models/hyundai_vision_n.glb,512,512,"(0, -5.85852, 1.15)","(0, 0, 0.8)"
hyundai_vision_n_yaw_100.png,moving_right/hyundai_vision_n_yaw_100.png,moving_right,100,hyundai_vision_n.glb,D:/JRM-O/assets/models/hyundai_vision_n.glb,512,512,"(0, -5.74731, 1.15)","(0, 0, 0.8)"
hyundai_vision_n_yaw_110.png,moving_right/hyundai_vision_n_yaw_110.png,moving_right,110,hyundai_vision_n.glb,D:/JRM-O/assets/models/hyundai_vision_n.glb,512,512,"(0, -5.63463, 1.15)","(0, 0, 0.8)"
hyundai_vision_n_yaw_120.png,moving_right/hyundai_vision_n_yaw_120.png,moving_right,120,hyundai_vision_n.glb,D:/JRM-O/assets/models/hyundai_vision_n.glb,512,512,"(0, -5.82813, 1.15)","(0, 0, 0.8)"
hyundai_vision_n_yaw_130.png,moving_right/hyundai_vision_n_yaw_130.png,moving_right,130,hyundai_vision_n.glb,D:/JRM-O/assets/models/hyundai_vision_n.glb,512,512,"(0, -5.84584, 1.15)","(0, 0, 0.8)"
hyundai_vision_n_yaw_140.png,approaching/hyundai_vision_n_yaw_140.png,approaching,140,hyundai_vision_n.glb,D:/JRM-O/assets/models/hyundai_vision_n.glb,512,512,"(0, -5.48076, 1.15)","(0, 0, 0.8)"
hyundai_vision_n_yaw_150.png,approaching/hyundai_vision_n_yaw_150.png,approaching,150,hyundai_vision_n.glb,D:/JRM-O/assets/models/hyundai_vision_n.glb,512,512,"(0, -5.17484, 1.15)","(0, 0, 0.8)"
hyundai_vision_n_yaw_160.png,approaching/hyundai_vision_n_yaw_160.png,approaching,160,hyundai_vision_n.glb,D:/JRM-O/assets/models/hyundai_vision_n.glb,512,512,"(0, -4.73919, 1.15)","(0, 0, 0.8)"
hyundai_vision_n_yaw_170.png,approaching/hyundai_vision_n_yaw_170.png,approaching,170,hyundai_vision_n.glb,D:/JRM-O/assets/models/hyundai_vision_n.glb,512,512,"(0, -4.42206, 1.15)","(0, 0, 0.8)"
hyundai_vision_n_yaw_180.png,approaching/hyundai_vision_n_yaw_180.png,approaching,180,hyundai_vision_n.glb,D:/JRM-O/assets/models/hyundai_vision_n.glb,512,512,"(0, -4.34043, 1.15)","(0, 0, 0.8)"
hyundai_vision_n_yaw_190.png,approaching/hyundai_vision_n_yaw_190.png,approaching,190,hyundai_vision_n.glb,D:/JRM-O/assets/models/hyundai_vision_n.glb,512,512,"(0, -4.42206, 1.15)","(0, 0, 0.8)"
hyundai_vision_n_yaw_200.png,approaching/hyundai_vision_n_yaw_200.png,approaching,200,hyundai_vision_n.glb,D:/JRM-O/assets/models/hyundai_vision_n.glb,512,512,"(0, -4.73919, 1.15)","(0, 0, 0.8)"
hyundai_vision_n_yaw_210.png,approaching/hyundai_vision_n_yaw_210.png,approaching,210,hyundai_vision_n.glb,D:/JRM-O/assets/models/hyundai_vision_n.glb,512,512,"(0, -5.17484, 1.15)","(0, 0, 0.8)"
hyundai_vision_n_yaw_220.png,approaching/hyundai_vision_n_yaw_220.png,approaching,220,hyundai_vision_n.glb,D:/JRM-O/assets/models/hyundai_vision_n.glb,512,512,"(0, -5.48076, 1.15)","(0, 0, 0.8)"
hyundai_vision_n_yaw_230.png,moving_left/hyundai_vision_n_yaw_230.png,moving_left,230,hyundai_vision_n.glb,D:/JRM-O/assets/models/hyundai_vision_n.glb,512,512,"(0, -5.84584, 1.15)","(0, 0, 0.8)"
hyundai_vision_n_yaw_240.png,moving_left/hyundai_vision_n_yaw_240.png,moving_left,240,hyundai_vision_n.glb,D:/JRM-O/assets/models/hyundai_vision_n.glb,512,512,"(0, -5.82813, 1.15)","(0, 0, 0.8)"
hyundai_vision_n_yaw_250.png,moving_left/hyundai_vision_n_yaw_250.png,moving_left,250,hyundai_vision_n.glb,D:/JRM-O/assets/models/hyundai_vision_n.glb,512,512,"(0, -5.63463, 1.15)","(0, 0, 0.8)"
hyundai_vision_n_yaw_260.png,moving_left/hyundai_vision_n_yaw_260.png,moving_left,260,hyundai_vision_n.glb,D:/JRM-O/assets/models/hyundai_vision_n.glb,512,512,"(0, -5.74731, 1.15)","(0, 0, 0.8)"
hyundai_vision_n_yaw_270.png,moving_left/hyundai_vision_n_yaw_270.png,moving_left,270,hyundai_vision_n.glb,D:/JRM-O/assets/models/hyundai_vision_n.glb,512,512,"(0, -5.85853, 1.15)","(0, 0, 0.8)"
hyundai_vision_n_yaw_280.png,moving_left/hyundai_vision_n_yaw_280.png,moving_left,280,hyundai_vision_n.glb,D:/JRM-O/assets/models/hyundai_vision_n.glb,512,512,"(0, -5.79299, 1.15)","(0, 0, 0.8)"
hyundai_vision_n_yaw_290.png,moving_left/hyundai_vision_n_yaw_290.png,moving_left,290,hyundai_vision_n.glb,D:/JRM-O/assets/models/hyundai_vision_n.glb,512,512,"(0, -5.55271, 1.15)","(0, 0, 0.8)"
hyundai_vision_n_yaw_300.png,moving_left/hyundai_vision_n_yaw_300.png,moving_left,300,hyundai_vision_n.glb,D:/JRM-O/assets/models/hyundai_vision_n.glb,512,512,"(0, -5.14998, 1.15)","(0, 0, 0.8)"
hyundai_vision_n_yaw_310.png,moving_left/hyundai_vision_n_yaw_310.png,moving_left,310,hyundai_vision_n.glb,D:/JRM-O/assets/models/hyundai_vision_n.glb,512,512,"(0, -4.95848, 1.15)","(0, 0, 0.8)"
hyundai_vision_n_yaw_320.png,leaving/hyundai_vision_n_yaw_320.png,leaving,320,hyundai_vision_n.glb,D:/JRM-O/assets/models/hyundai_vision_n.glb,512,512,"(0, -4.66332, 1.15)","(0, 0, 0.8)"
hyundai_vision_n_yaw_330.png,leaving/hyundai_vision_n_yaw_330.png,leaving,330,hyundai_vision_n.glb,D:/JRM-O/assets/models/hyundai_vision_n.glb,512,512,"(0, -4.41838, 1.15)","(0, 0, 0.8)"
hyundai_vision_n_yaw_340.png,leaving/hyundai_vision_n_yaw_340.png,leaving,340,hyundai_vision_n.glb,D:/JRM-O/assets/models/hyundai_vision_n.glb,512,512,"(0, -4.07763, 1.15)","(0, 0, 0.8)"
hyundai_vision_n_yaw_350.png,leaving/hyundai_vision_n_yaw_350.png,leaving,350,hyundai_vision_n.glb,D:/JRM-O/assets/models/hyundai_vision_n.glb,512,512,"(0, -3.91429, 1.15)","(0, 0, 0.8)"
lamborgini_gallardo_yaw_000.png,leaving/lamborgini_gallardo_yaw_000.png,leaving,0,lamborgini_gallardo.glb,D:/JRM-O/assets/models/lamborgini_gallardo.glb,512,512,"(0, -3.98857, 1.15)","(0, 0, 0.8)"
lamborgini_gallardo_yaw_010.png,leaving/lamborgini_gallardo_yaw_010.png,leaving,10,lamborgini_gallardo.glb,D:/JRM-O/assets/models/lamborgini_gallardo.glb,512,512,"(0, -4.36551, 1.15)","(0, 0, 0.8)"
lamborgini_gallardo_yaw_020.png,leaving/lamborgini_gallardo_yaw_020.png,leaving,20,lamborgini_gallardo.glb,D:/JRM-O/assets/models/lamborgini_gallardo.glb,512,512,"(0, -4.75539, 1.15)","(0, 0, 0.8)"
lamborgini_gallardo_yaw_030.png,leaving/lamborgini_gallardo_yaw_030.png,leaving,30,lamborgini_gallardo.glb,D:/JRM-O/assets/models/lamborgini_gallardo.glb,512,512,"(0, -5.00474, 1.15)","(0, 0, 0.8)"
lamborgini_gallardo_yaw_040.png,leaving/lamborgini_gallardo_yaw_040.png,leaving,40,lamborgini_gallardo.glb,D:/JRM-O/assets/models/lamborgini_gallardo.glb,512,512,"(0, -5.10628, 1.15)","(0, 0, 0.8)"
lamborgini_gallardo_yaw_050.png,moving_right/lamborgini_gallardo_yaw_050.png,moving_right,50,lamborgini_gallardo.glb,D:/JRM-O/assets/models/lamborgini_gallardo.glb,512,512,"(0, -5.35367, 1.15)","(0, 0, 0.8)"
lamborgini_gallardo_yaw_060.png,moving_right/lamborgini_gallardo_yaw_060.png,moving_right,60,lamborgini_gallardo.glb,D:/JRM-O/assets/models/lamborgini_gallardo.glb,512,512,"(0, -5.84933, 1.15)","(0, 0, 0.8)"
lamborgini_gallardo_yaw_070.png,moving_right/lamborgini_gallardo_yaw_070.png,moving_right,70,lamborgini_gallardo.glb,D:/JRM-O/assets/models/lamborgini_gallardo.glb,512,512,"(0, -6.17194, 1.15)","(0, 0, 0.8)"
lamborgini_gallardo_yaw_080.png,moving_right/lamborgini_gallardo_yaw_080.png,moving_right,80,lamborgini_gallardo.glb,D:/JRM-O/assets/models/lamborgini_gallardo.glb,512,512,"(0, -6.31167, 1.15)","(0, 0, 0.8)"
lamborgini_gallardo_yaw_090.png,moving_right/lamborgini_gallardo_yaw_090.png,moving_right,90,lamborgini_gallardo.glb,D:/JRM-O/assets/models/lamborgini_gallardo.glb,512,512,"(0, -6.26422, 1.15)","(0, 0, 0.8)"
lamborgini_gallardo_yaw_100.png,moving_right/lamborgini_gallardo_yaw_100.png,moving_right,100,lamborgini_gallardo.glb,D:/JRM-O/assets/models/lamborgini_gallardo.glb,512,512,"(0, -6.03093, 1.15)","(0, 0, 0.8)"
lamborgini_gallardo_yaw_110.png,moving_right/lamborgini_gallardo_yaw_110.png,moving_right,110,lamborgini_gallardo.glb,D:/JRM-O/assets/models/lamborgini_gallardo.glb,512,512,"(0, -5.85858, 1.15)","(0, 0, 0.8)"
lamborgini_gallardo_yaw_120.png,moving_right/lamborgini_gallardo_yaw_120.png,moving_right,120,lamborgini_gallardo.glb,D:/JRM-O/assets/models/lamborgini_gallardo.glb,512,512,"(0, -6.17714, 1.15)","(0, 0, 0.8)"
lamborgini_gallardo_yaw_130.png,moving_right/lamborgini_gallardo_yaw_130.png,moving_right,130,lamborgini_gallardo.glb,D:/JRM-O/assets/models/lamborgini_gallardo.glb,512,512,"(0, -6.31267, 1.15)","(0, 0, 0.8)"
lamborgini_gallardo_yaw_140.png,approaching/lamborgini_gallardo_yaw_140.png,approaching,140,lamborgini_gallardo.glb,D:/JRM-O/assets/models/lamborgini_gallardo.glb,512,512,"(0, -6.02922, 1.15)","(0, 0, 0.8)"
lamborgini_gallardo_yaw_150.png,approaching/lamborgini_gallardo_yaw_150.png,approaching,150,lamborgini_gallardo.glb,D:/JRM-O/assets/models/lamborgini_gallardo.glb,512,512,"(0, -5.81411, 1.15)","(0, 0, 0.8)"
lamborgini_gallardo_yaw_160.png,approaching/lamborgini_gallardo_yaw_160.png,approaching,160,lamborgini_gallardo.glb,D:/JRM-O/assets/models/lamborgini_gallardo.glb,512,512,"(0, -5.42662, 1.15)","(0, 0, 0.8)"
lamborgini_gallardo_yaw_170.png,approaching/lamborgini_gallardo_yaw_170.png,approaching,170,lamborgini_gallardo.glb,D:/JRM-O/assets/models/lamborgini_gallardo.glb,512,512,"(0, -4.87816, 1.15)","(0, 0, 0.8)"
lamborgini_gallardo_yaw_180.png,approaching/lamborgini_gallardo_yaw_180.png,approaching,180,lamborgini_gallardo.glb,D:/JRM-O/assets/models/lamborgini_gallardo.glb,512,512,"(0, -4.38082, 1.15)","(0, 0, 0.8)"
lamborgini_gallardo_yaw_190.png,approaching/lamborgini_gallardo_yaw_190.png,approaching,190,lamborgini_gallardo.glb,D:/JRM-O/assets/models/lamborgini_gallardo.glb,512,512,"(0, -4.87816, 1.15)","(0, 0, 0.8)"
lamborgini_gallardo_yaw_200.png,approaching/lamborgini_gallardo_yaw_200.png,approaching,200,lamborgini_gallardo.glb,D:/JRM-O/assets/models/lamborgini_gallardo.glb,512,512,"(0, -5.42662, 1.15)","(0, 0, 0.8)"
lamborgini_gallardo_yaw_210.png,approaching/lamborgini_gallardo_yaw_210.png,approaching,210,lamborgini_gallardo.glb,D:/JRM-O/assets/models/lamborgini_gallardo.glb,512,512,"(0, -5.81411, 1.15)","(0, 0, 0.8)"
lamborgini_gallardo_yaw_220.png,approaching/lamborgini_gallardo_yaw_220.png,approaching,220,lamborgini_gallardo.glb,D:/JRM-O/assets/models/lamborgini_gallardo.glb,512,512,"(0, -6.02922, 1.15)","(0, 0, 0.8)"
lamborgini_gallardo_yaw_230.png,moving_left/lamborgini_gallardo_yaw_230.png,moving_left,230,lamborgini_gallardo.glb,D:/JRM-O/assets/models/lamborgini_gallardo.glb,512,512,"(0, -6.31267, 1.15)","(0, 0, 0.8)"
lamborgini_gallardo_yaw_240.png,moving_left/lamborgini_gallardo_yaw_240.png,moving_left,240,lamborgini_gallardo.glb,D:/JRM-O/assets/models/lamborgini_gallardo.glb,512,512,"(0, -6.17714, 1.15)","(0, 0, 0.8)"
lamborgini_gallardo_yaw_250.png,moving_left/lamborgini_gallardo_yaw_250.png,moving_left,250,lamborgini_gallardo.glb,D:/JRM-O/assets/models/lamborgini_gallardo.glb,512,512,"(0, -5.85858, 1.15)","(0, 0, 0.8)"
lamborgini_gallardo_yaw_260.png,moving_left/lamborgini_gallardo_yaw_260.png,moving_left,260,lamborgini_gallardo.glb,D:/JRM-O/assets/models/lamborgini_gallardo.glb,512,512,"(0, -6.03093, 1.15)","(0, 0, 0.8)"
lamborgini_gallardo_yaw_270.png,moving_left/lamborgini_gallardo_yaw_270.png,moving_left,270,lamborgini_gallardo.glb,D:/JRM-O/assets/models/lamborgini_gallardo.glb,512,512,"(0, -6.26422, 1.15)","(0, 0, 0.8)"
lamborgini_gallardo_yaw_280.png,moving_left/lamborgini_gallardo_yaw_280.png,moving_left,280,lamborgini_gallardo.glb,D:/JRM-O/assets/models/lamborgini_gallardo.glb,512,512,"(0, -6.31167, 1.15)","(0, 0, 0.8)"
lamborgini_gallardo_yaw_290.png,moving_left/lamborgini_gallardo_yaw_290.png,moving_left,290,lamborgini_gallardo.glb,D:/JRM-O/assets/models/lamborgini_gallardo.glb,512,512,"(0, -6.17194, 1.15)","(0, 0, 0.8)"
lamborgini_gallardo_yaw_300.png,moving_left/lamborgini_gallardo_yaw_300.png,moving_left,300,lamborgini_gallardo.glb,D:/JRM-O/assets/models/lamborgini_gallardo.glb,512,512,"(0, -5.84933, 1.15)","(0, 0, 0.8)"
lamborgini_gallardo_yaw_310.png,moving_left/lamborgini_gallardo_yaw_310.png,moving_left,310,lamborgini_gallardo.glb,D:/JRM-O/assets/models/lamborgini_gallardo.glb,512,512,"(0, -5.35367, 1.15)","(0, 0, 0.8)"
lamborgini_gallardo_yaw_320.png,leaving/lamborgini_gallardo_yaw_320.png,leaving,320,lamborgini_gallardo.glb,D:/JRM-O/assets/models/lamborgini_gallardo.glb,512,512,"(0, -5.10628, 1.15)","(0, 0, 0.8)"
lamborgini_gallardo_yaw_330.png,leaving/lamborgini_gallardo_yaw_330.png,leaving,330,lamborgini_gallardo.glb,D:/JRM-O/assets/models/lamborgini_gallardo.glb,512,512,"(0, -5.00474, 1.15)","(0, 0, 0.8)"
lamborgini_gallardo_yaw_340.png,leaving/lamborgini_gallardo_yaw_340.png,leaving,340,lamborgini_gallardo.glb,D:/JRM-O/assets/models/lamborgini_gallardo.glb,512,512,"(0, -4.75539, 1.15)","(0, 0, 0.8)"
lamborgini_gallardo_yaw_350.png,leaving/lamborgini_gallardo_yaw_350.png,leaving,350,lamborgini_gallardo.glb,D:/JRM-O/assets/models/lamborgini_gallardo.glb,512,512,"(0, -4.36551, 1.15)","(0, 0, 0.8)"
lancia_delta_integrale_evo_yaw_000.png,leaving/lancia_delta_integrale_evo_yaw_000.png,leaving,0,lancia_delta_integrale_evo.glb,D:/JRM-O/assets/models/lancia_delta_integrale_evo.glb,512,512,"(0, -4.22862, 1.15)","(0, 0, 0.8)"
lancia_delta_integrale_evo_yaw_010.png,leaving/lancia_delta_integrale_evo_yaw_010.png,leaving,10,lancia_delta_integrale_evo.glb,D:/JRM-O/assets/models/lancia_delta_integrale_evo.glb,512,512,"(0, -4.33769, 1.15)","(0, 0, 0.8)"
lancia_delta_integrale_evo_yaw_020.png,leaving/lancia_delta_integrale_evo_yaw_020.png,leaving,20,lancia_delta_integrale_evo.glb,D:/JRM-O/assets/models/lancia_delta_integrale_evo.glb,512,512,"(0, -4.69815, 1.15)","(0, 0, 0.8)"
lancia_delta_integrale_evo_yaw_030.png,leaving/lancia_delta_integrale_evo_yaw_030.png,leaving,30,lancia_delta_integrale_evo.glb,D:/JRM-O/assets/models/lancia_delta_integrale_evo.glb,512,512,"(0, -5.08339, 1.15)","(0, 0, 0.8)"
lancia_delta_integrale_evo_yaw_040.png,leaving/lancia_delta_integrale_evo_yaw_040.png,leaving,40,lancia_delta_integrale_evo.glb,D:/JRM-O/assets/models/lancia_delta_integrale_evo.glb,512,512,"(0, -5.31431, 1.15)","(0, 0, 0.8)"
lancia_delta_integrale_evo_yaw_050.png,moving_right/lancia_delta_integrale_evo_yaw_050.png,moving_right,50,lancia_delta_integrale_evo.glb,D:/JRM-O/assets/models/lancia_delta_integrale_evo.glb,512,512,"(0, -5.60754, 1.15)","(0, 0, 0.8)"
lancia_delta_integrale_evo_yaw_060.png,moving_right/lancia_delta_integrale_evo_yaw_060.png,moving_right,60,lancia_delta_integrale_evo.glb,D:/JRM-O/assets/models/lancia_delta_integrale_evo.glb,512,512,"(0, -5.52255, 1.15)","(0, 0, 0.8)"
lancia_delta_integrale_evo_yaw_070.png,moving_right/lancia_delta_integrale_evo_yaw_070.png,moving_right,70,lancia_delta_integrale_evo.glb,D:/JRM-O/assets/models/lancia_delta_integrale_evo.glb,512,512,"(0, -5.27025, 1.15)","(0, 0, 0.8)"
lancia_delta_integrale_evo_yaw_080.png,moving_right/lancia_delta_integrale_evo_yaw_080.png,moving_right,80,lancia_delta_integrale_evo.glb,D:/JRM-O/assets/models/lancia_delta_integrale_evo.glb,512,512,"(0, -5.42097, 1.15)","(0, 0, 0.8)"
lancia_delta_integrale_evo_yaw_090.png,moving_right/lancia_delta_integrale_evo_yaw_090.png,moving_right,90,lancia_delta_integrale_evo.glb,D:/JRM-O/assets/models/lancia_delta_integrale_evo.glb,512,512,"(0, -5.61108, 1.15)","(0, 0, 0.8)"
lancia_delta_integrale_evo_yaw_100.png,moving_right/lancia_delta_integrale_evo_yaw_100.png,moving_right,100,lancia_delta_integrale_evo.glb,D:/JRM-O/assets/models/lancia_delta_integrale_evo.glb,512,512,"(0, -5.631, 1.15)","(0, 0, 0.8)"
lancia_delta_integrale_evo_yaw_110.png,moving_right/lancia_delta_integrale_evo_yaw_110.png,moving_right,110,lancia_delta_integrale_evo.glb,D:/JRM-O/assets/models/lancia_delta_integrale_evo.glb,512,512,"(0, -5.48022, 1.15)","(0, 0, 0.8)"
lancia_delta_integrale_evo_yaw_120.png,moving_right/lancia_delta_integrale_evo_yaw_120.png,moving_right,120,lancia_delta_integrale_evo.glb,D:/JRM-O/assets/models/lancia_delta_integrale_evo.glb,512,512,"(0, -5.16348, 1.15)","(0, 0, 0.8)"
lancia_delta_integrale_evo_yaw_130.png,moving_right/lancia_delta_integrale_evo_yaw_130.png,moving_right,130,lancia_delta_integrale_evo.glb,D:/JRM-O/assets/models/lancia_delta_integrale_evo.glb,512,512,"(0, -5.24518, 1.15)","(0, 0, 0.8)"
lancia_delta_integrale_evo_yaw_140.png,approaching/lancia_delta_integrale_evo_yaw_140.png,approaching,140,lancia_delta_integrale_evo.glb,D:/JRM-O/assets/models/lancia_delta_integrale_evo.glb,512,512,"(0, -4.98774, 1.15)","(0, 0, 0.8)"
lancia_delta_integrale_evo_yaw_150.png,approaching/lancia_delta_integrale_evo_yaw_150.png,approaching,150,lancia_delta_integrale_evo.glb,D:/JRM-O/assets/models/lancia_delta_integrale_evo.glb,512,512,"(0, -4.78669, 1.15)","(0, 0, 0.8)"
lancia_delta_integrale_evo_yaw_160.png,approaching/lancia_delta_integrale_evo_yaw_160.png,approaching,160,lancia_delta_integrale_evo.glb,D:/JRM-O/assets/models/lancia_delta_integrale_evo.glb,512,512,"(0, -4.4378, 1.15)","(0, 0, 0.8)"
lancia_delta_integrale_evo_yaw_170.png,approaching/lancia_delta_integrale_evo_yaw_170.png,approaching,170,lancia_delta_integrale_evo.glb,D:/JRM-O/assets/models/lancia_delta_integrale_evo.glb,512,512,"(0, -4.2352, 1.15)","(0, 0, 0.8)"
lancia_delta_integrale_evo_yaw_180.png,approaching/lancia_delta_integrale_evo_yaw_180.png,approaching,180,lancia_delta_integrale_evo.glb,D:/JRM-O/assets/models/lancia_delta_integrale_evo.glb,512,512,"(0, -4.12379, 1.15)","(0, 0, 0.8)"
lancia_delta_integrale_evo_yaw_190.png,approaching/lancia_delta_integrale_evo_yaw_190.png,approaching,190,lancia_delta_integrale_evo.glb,D:/JRM-O/assets/models/lancia_delta_integrale_evo.glb,512,512,"(0, -4.22959, 1.15)","(0, 0, 0.8)"
lancia_delta_integrale_evo_yaw_200.png,approaching/lancia_delta_integrale_evo_yaw_200.png,approaching,200,lancia_delta_integrale_evo.glb,D:/JRM-O/assets/models/lancia_delta_integrale_evo.glb,512,512,"(0, -4.59148, 1.15)","(0, 0, 0.8)"
lancia_delta_integrale_evo_yaw_210.png,approaching/lancia_delta_integrale_evo_yaw_210.png,approaching,210,lancia_delta_integrale_evo.glb,D:/JRM-O/assets/models/lancia_delta_integrale_evo.glb,512,512,"(0, -4.9298, 1.15)","(0, 0, 0.8)"
lancia_delta_integrale_evo_yaw_220.png,approaching/lancia_delta_integrale_evo_yaw_220.png,approaching,220,lancia_delta_integrale_evo.glb,D:/JRM-O/assets/models/lancia_delta_integrale_evo.glb,512,512,"(0, -5.11849, 1.15)","(0, 0, 0.8)"
lancia_delta_integrale_evo_yaw_230.png,moving_left/lancia_delta_integrale_evo_yaw_230.png,moving_left,230,lancia_delta_integrale_evo.glb,D:/JRM-O/assets/models/lancia_delta_integrale_evo.glb,512,512,"(0, -5.36845, 1.15)","(0, 0, 0.8)"
lancia_delta_integrale_evo_yaw_240.png,moving_left/lancia_delta_integrale_evo_yaw_240.png,moving_left,240,lancia_delta_integrale_evo.glb,D:/JRM-O/assets/models/lancia_delta_integrale_evo.glb,512,512,"(0, -5.25252, 1.15)","(0, 0, 0.8)"
lancia_delta_integrale_evo_yaw_250.png,moving_left/lancia_delta_integrale_evo_yaw_250.png,moving_left,250,lancia_delta_integrale_evo.glb,D:/JRM-O/assets/models/lancia_delta_integrale_evo.glb,512,512,"(0, -5.3366, 1.15)","(0, 0, 0.8)"
lancia_delta_integrale_evo_yaw_260.png,moving_left/lancia_delta_integrale_evo_yaw_260.png,moving_left,260,lancia_delta_integrale_evo.glb,D:/JRM-O/assets/models/lancia_delta_integrale_evo.glb,512,512,"(0, -5.50089, 1.15)","(0, 0, 0.8)"
lancia_delta_integrale_evo_yaw_270.png,moving_left/lancia_delta_integrale_evo_yaw_270.png,moving_left,270,lancia_delta_integrale_evo.glb,D:/JRM-O/assets/models/lancia_delta_integrale_evo.glb,512,512,"(0, -5.49578, 1.15)","(0, 0, 0.8)"
lancia_delta_integrale_evo_yaw_280.png,moving_left/lancia_delta_integrale_evo_yaw_280.png,moving_left,280,lancia_delta_integrale_evo.glb,D:/JRM-O/assets/models/lancia_delta_integrale_evo.glb,512,512,"(0, -5.32451, 1.15)","(0, 0, 0.8)"
lancia_delta_integrale_evo_yaw_290.png,moving_left/lancia_delta_integrale_evo_yaw_290.png,moving_left,290,lancia_delta_integrale_evo.glb,D:/JRM-O/assets/models/lancia_delta_integrale_evo.glb,512,512,"(0, -5.18801, 1.15)","(0, 0, 0.8)"
lancia_delta_integrale_evo_yaw_300.png,moving_left/lancia_delta_integrale_evo_yaw_300.png,moving_left,300,lancia_delta_integrale_evo.glb,D:/JRM-O/assets/models/lancia_delta_integrale_evo.glb,512,512,"(0, -5.45488, 1.15)","(0, 0, 0.8)"
lancia_delta_integrale_evo_yaw_310.png,moving_left/lancia_delta_integrale_evo_yaw_310.png,moving_left,310,lancia_delta_integrale_evo.glb,D:/JRM-O/assets/models/lancia_delta_integrale_evo.glb,512,512,"(0, -5.55514, 1.15)","(0, 0, 0.8)"
lancia_delta_integrale_evo_yaw_320.png,leaving/lancia_delta_integrale_evo_yaw_320.png,leaving,320,lancia_delta_integrale_evo.glb,D:/JRM-O/assets/models/lancia_delta_integrale_evo.glb,512,512,"(0, -5.27701, 1.15)","(0, 0, 0.8)"
lancia_delta_integrale_evo_yaw_330.png,leaving/lancia_delta_integrale_evo_yaw_330.png,leaving,330,lancia_delta_integrale_evo.glb,D:/JRM-O/assets/models/lancia_delta_integrale_evo.glb,512,512,"(0, -5.05841, 1.15)","(0, 0, 0.8)"
lancia_delta_integrale_evo_yaw_340.png,leaving/lancia_delta_integrale_evo_yaw_340.png,leaving,340,lancia_delta_integrale_evo.glb,D:/JRM-O/assets/models/lancia_delta_integrale_evo.glb,512,512,"(0, -4.68369, 1.15)","(0, 0, 0.8)"
lancia_delta_integrale_evo_yaw_350.png,leaving/lancia_delta_integrale_evo_yaw_350.png,leaving,350,lancia_delta_integrale_evo.glb,D:/JRM-O/assets/models/lancia_delta_integrale_evo.glb,512,512,"(0, -4.33211, 1.15)","(0, 0, 0.8)"
mclaren_720s_yaw_000.png,leaving/mclaren_720s_yaw_000.png,leaving,0,mclaren_720s.glb,D:/JRM-O/assets/models/mclaren_720s.glb,512,512,"(0, -3.9557, 1.15)","(0, 0, 0.8)"
mclaren_720s_yaw_010.png,leaving/mclaren_720s_yaw_010.png,leaving,10,mclaren_720s.glb,D:/JRM-O/assets/models/mclaren_720s.glb,512,512,"(0, -4.06346, 1.15)","(0, 0, 0.8)"
mclaren_720s_yaw_020.png,leaving/mclaren_720s_yaw_020.png,leaving,20,mclaren_720s.glb,D:/JRM-O/assets/models/mclaren_720s.glb,512,512,"(0, -4.34628, 1.15)","(0, 0, 0.8)"
mclaren_720s_yaw_030.png,leaving/mclaren_720s_yaw_030.png,leaving,30,mclaren_720s.glb,D:/JRM-O/assets/models/mclaren_720s.glb,512,512,"(0, -4.61885, 1.15)","(0, 0, 0.8)"
mclaren_720s_yaw_040.png,leaving/mclaren_720s_yaw_040.png,leaving,40,mclaren_720s.glb,D:/JRM-O/assets/models/mclaren_720s.glb,512,512,"(0, -4.75726, 1.15)","(0, 0, 0.8)"
mclaren_720s_yaw_050.png,moving_right/mclaren_720s_yaw_050.png,moving_right,50,mclaren_720s.glb,D:/JRM-O/assets/models/mclaren_720s.glb,512,512,"(0, -5.16789, 1.15)","(0, 0, 0.8)"
mclaren_720s_yaw_060.png,moving_right/mclaren_720s_yaw_060.png,moving_right,60,mclaren_720s.glb,D:/JRM-O/assets/models/mclaren_720s.glb,512,512,"(0, -5.74374, 1.15)","(0, 0, 0.8)"
mclaren_720s_yaw_070.png,moving_right/mclaren_720s_yaw_070.png,moving_right,70,mclaren_720s.glb,D:/JRM-O/assets/models/mclaren_720s.glb,512,512,"(0, -6.15184, 1.15)","(0, 0, 0.8)"
mclaren_720s_yaw_080.png,moving_right/mclaren_720s_yaw_080.png,moving_right,80,mclaren_720s.glb,D:/JRM-O/assets/models/mclaren_720s.glb,512,512,"(0, -6.37977, 1.15)","(0, 0, 0.8)"
mclaren_720s_yaw_090.png,moving_right/mclaren_720s_yaw_090.png,moving_right,90,mclaren_720s.glb,D:/JRM-O/assets/models/mclaren_720s.glb,512,512,"(0, -6.42057, 1.15)","(0, 0, 0.8)"
mclaren_720s_yaw_100.png,moving_right/mclaren_720s_yaw_100.png,moving_right,100,mclaren_720s.glb,D:/JRM-O/assets/models/mclaren_720s.glb,512,512,"(0, -6.27292, 1.15)","(0, 0, 0.8)"
mclaren_720s_yaw_110.png,moving_right/mclaren_720s_yaw_110.png,moving_right,110,mclaren_720s.glb,D:/JRM-O/assets/models/mclaren_720s.glb,512,512,"(0, -6.13921, 1.15)","(0, 0, 0.8)"
mclaren_720s_yaw_120.png,moving_right/mclaren_720s_yaw_120.png,moving_right,120,mclaren_720s.glb,D:/JRM-O/assets/models/mclaren_720s.glb,512,512,"(0, -6.37495, 1.15)","(0, 0, 0.8)"
mclaren_720s_yaw_130.png,moving_right/mclaren_720s_yaw_130.png,moving_right,130,mclaren_720s.glb,D:/JRM-O/assets/models/mclaren_720s.glb,512,512,"(0, -6.4237, 1.15)","(0, 0, 0.8)"
mclaren_720s_yaw_140.png,approaching/mclaren_720s_yaw_140.png,approaching,140,mclaren_720s.glb,D:/JRM-O/assets/models/mclaren_720s.glb,512,512,"(0, -6.06017, 1.15)","(0, 0, 0.8)"
mclaren_720s_yaw_150.png,approaching/mclaren_720s_yaw_150.png,approaching,150,mclaren_720s.glb,D:/JRM-O/assets/models/mclaren_720s.glb,512,512,"(0, -5.76152, 1.15)","(0, 0, 0.8)"
mclaren_720s_yaw_160.png,approaching/mclaren_720s_yaw_160.png,approaching,160,mclaren_720s.glb,D:/JRM-O/assets/models/mclaren_720s.glb,512,512,"(0, -5.29404, 1.15)","(0, 0, 0.8)"
mclaren_720s_yaw_170.png,approaching/mclaren_720s_yaw_170.png,approaching,170,mclaren_720s.glb,D:/JRM-O/assets/models/mclaren_720s.glb,512,512,"(0, -4.67147, 1.15)","(0, 0, 0.8)"
mclaren_720s_yaw_180.png,approaching/mclaren_720s_yaw_180.png,approaching,180,mclaren_720s.glb,D:/JRM-O/assets/models/mclaren_720s.glb,512,512,"(0, -4.5068, 1.15)","(0, 0, 0.8)"
mclaren_720s_yaw_190.png,approaching/mclaren_720s_yaw_190.png,approaching,190,mclaren_720s.glb,D:/JRM-O/assets/models/mclaren_720s.glb,512,512,"(0, -4.66892, 1.15)","(0, 0, 0.8)"
mclaren_720s_yaw_200.png,approaching/mclaren_720s_yaw_200.png,approaching,200,mclaren_720s.glb,D:/JRM-O/assets/models/mclaren_720s.glb,512,512,"(0, -5.29177, 1.15)","(0, 0, 0.8)"
mclaren_720s_yaw_210.png,approaching/mclaren_720s_yaw_210.png,approaching,210,mclaren_720s.glb,D:/JRM-O/assets/models/mclaren_720s.glb,512,512,"(0, -5.75959, 1.15)","(0, 0, 0.8)"
mclaren_720s_yaw_220.png,approaching/mclaren_720s_yaw_220.png,approaching,220,mclaren_720s.glb,D:/JRM-O/assets/models/mclaren_720s.glb,512,512,"(0, -6.05865, 1.15)","(0, 0, 0.8)"
mclaren_720s_yaw_230.png,moving_left/mclaren_720s_yaw_230.png,moving_left,230,mclaren_720s.glb,D:/JRM-O/assets/models/mclaren_720s.glb,512,512,"(0, -6.42254, 1.15)","(0, 0, 0.8)"
mclaren_720s_yaw_240.png,moving_left/mclaren_720s_yaw_240.png,moving_left,240,mclaren_720s.glb,D:/JRM-O/assets/models/mclaren_720s.glb,512,512,"(0, -6.37429, 1.15)","(0, 0, 0.8)"
mclaren_720s_yaw_250.png,moving_left/mclaren_720s_yaw_250.png,moving_left,250,mclaren_720s.glb,D:/JRM-O/assets/models/mclaren_720s.glb,512,512,"(0, -6.13907, 1.15)","(0, 0, 0.8)"
mclaren_720s_yaw_260.png,moving_left/mclaren_720s_yaw_260.png,moving_left,260,mclaren_720s.glb,D:/JRM-O/assets/models/mclaren_720s.glb,512,512,"(0, -6.27331, 1.15)","(0, 0, 0.8)"
mclaren_720s_yaw_270.png,moving_left/mclaren_720s_yaw_270.png,moving_left,270,mclaren_720s.glb,D:/JRM-O/assets/models/mclaren_720s.glb,512,512,"(0, -6.42146, 1.15)","(0, 0, 0.8)"
mclaren_720s_yaw_280.png,moving_left/mclaren_720s_yaw_280.png,moving_left,280,mclaren_720s.glb,D:/JRM-O/assets/models/mclaren_720s.glb,512,512,"(0, -6.38115, 1.15)","(0, 0, 0.8)"
mclaren_720s_yaw_290.png,moving_left/mclaren_720s_yaw_290.png,moving_left,290,mclaren_720s.glb,D:/JRM-O/assets/models/mclaren_720s.glb,512,512,"(0, -6.15366, 1.15)","(0, 0, 0.8)"
mclaren_720s_yaw_300.png,moving_left/mclaren_720s_yaw_300.png,moving_left,300,mclaren_720s.glb,D:/JRM-O/assets/models/mclaren_720s.glb,512,512,"(0, -5.74595, 1.15)","(0, 0, 0.8)"
mclaren_720s_yaw_310.png,moving_left/mclaren_720s_yaw_310.png,moving_left,310,mclaren_720s.glb,D:/JRM-O/assets/models/mclaren_720s.glb,512,512,"(0, -5.17041, 1.15)","(0, 0, 0.8)"
mclaren_720s_yaw_320.png,leaving/mclaren_720s_yaw_320.png,leaving,320,mclaren_720s.glb,D:/JRM-O/assets/models/mclaren_720s.glb,512,512,"(0, -4.75573, 1.15)","(0, 0, 0.8)"
mclaren_720s_yaw_330.png,leaving/mclaren_720s_yaw_330.png,leaving,330,mclaren_720s.glb,D:/JRM-O/assets/models/mclaren_720s.glb,512,512,"(0, -4.61692, 1.15)","(0, 0, 0.8)"
mclaren_720s_yaw_340.png,leaving/mclaren_720s_yaw_340.png,leaving,340,mclaren_720s.glb,D:/JRM-O/assets/models/mclaren_720s.glb,512,512,"(0, -4.344, 1.15)","(0, 0, 0.8)"
mclaren_720s_yaw_350.png,leaving/mclaren_720s_yaw_350.png,leaving,350,mclaren_720s.glb,D:/JRM-O/assets/models/mclaren_720s.glb,512,512,"(0, -4.06364, 1.15)","(0, 0, 0.8)"
mercedes_benz_180_ev2_yaw_000.png,leaving/mercedes_benz_180_ev2_yaw_000.png,leaving,0,mercedes_benz_180_ev2.glb,D:/JRM-O/assets/models/mercedes_benz_180_ev2.glb,512,512,"(0, -3.93594, 1.15)","(0, 0, 0.8)"
mercedes_benz_180_ev2_yaw_010.png,leaving/mercedes_benz_180_ev2_yaw_010.png,leaving,10,mercedes_benz_180_ev2.glb,D:/JRM-O/assets/models/mercedes_benz_180_ev2.glb,512,512,"(0, -4.00455, 1.15)","(0, 0, 0.8)"
mercedes_benz_180_ev2_yaw_020.png,leaving/mercedes_benz_180_ev2_yaw_020.png,leaving,20,mercedes_benz_180_ev2.glb,D:/JRM-O/assets/models/mercedes_benz_180_ev2.glb,512,512,"(0, -4.29068, 1.15)","(0, 0, 0.8)"
mercedes_benz_180_ev2_yaw_030.png,leaving/mercedes_benz_180_ev2_yaw_030.png,leaving,30,mercedes_benz_180_ev2.glb,D:/JRM-O/assets/models/mercedes_benz_180_ev2.glb,512,512,"(0, -4.70271, 1.15)","(0, 0, 0.8)"
mercedes_benz_180_ev2_yaw_040.png,leaving/mercedes_benz_180_ev2_yaw_040.png,leaving,40,mercedes_benz_180_ev2.glb,D:/JRM-O/assets/models/mercedes_benz_180_ev2.glb,512,512,"(0, -4.96808, 1.15)","(0, 0, 0.8)"
mercedes_benz_180_ev2_yaw_050.png,moving_right/mercedes_benz_180_ev2_yaw_050.png,moving_right,50,mercedes_benz_180_ev2.glb,D:/JRM-O/assets/models/mercedes_benz_180_ev2.glb,512,512,"(0, -5.2891, 1.15)","(0, 0, 0.8)"
mercedes_benz_180_ev2_yaw_060.png,moving_right/mercedes_benz_180_ev2_yaw_060.png,moving_right,60,mercedes_benz_180_ev2.glb,D:/JRM-O/assets/models/mercedes_benz_180_ev2.glb,512,512,"(0, -5.25359, 1.15)","(0, 0, 0.8)"
mercedes_benz_180_ev2_yaw_070.png,moving_right/mercedes_benz_180_ev2_yaw_070.png,moving_right,70,mercedes_benz_180_ev2.glb,D:/JRM-O/assets/models/mercedes_benz_180_ev2.glb,512,512,"(0, -5.06709, 1.15)","(0, 0, 0.8)"
mercedes_benz_180_ev2_yaw_080.png,moving_right/mercedes_benz_180_ev2_yaw_080.png,moving_right,80,mercedes_benz_180_ev2.glb,D:/JRM-O/assets/models/mercedes_benz_180_ev2.glb,512,512,"(0, -5.20753, 1.15)","(0, 0, 0.8)"
mercedes_benz_180_ev2_yaw_090.png,moving_right/mercedes_benz_180_ev2_yaw_090.png,moving_right,90,mercedes_benz_180_ev2.glb,D:/JRM-O/assets/models/mercedes_benz_180_ev2.glb,512,512,"(0, -5.29063, 1.15)","(0, 0, 0.8)"
mercedes_benz_180_ev2_yaw_100.png,moving_right/mercedes_benz_180_ev2_yaw_100.png,moving_right,100,mercedes_benz_180_ev2.glb,D:/JRM-O/assets/models/mercedes_benz_180_ev2.glb,512,512,"(0, -5.24936, 1.15)","(0, 0, 0.8)"
mercedes_benz_180_ev2_yaw_110.png,moving_right/mercedes_benz_180_ev2_yaw_110.png,moving_right,110,mercedes_benz_180_ev2.glb,D:/JRM-O/assets/models/mercedes_benz_180_ev2.glb,512,512,"(0, -5.04603, 1.15)","(0, 0, 0.8)"
mercedes_benz_180_ev2_yaw_120.png,moving_right/mercedes_benz_180_ev2_yaw_120.png,moving_right,120,mercedes_benz_180_ev2.glb,D:/JRM-O/assets/models/mercedes_benz_180_ev2.glb,512,512,"(0, -5.22453, 1.15)","(0, 0, 0.8)"
mercedes_benz_180_ev2_yaw_130.png,moving_right/mercedes_benz_180_ev2_yaw_130.png,moving_right,130,mercedes_benz_180_ev2.glb,D:/JRM-O/assets/models/mercedes_benz_180_ev2.glb,512,512,"(0, -5.25134, 1.15)","(0, 0, 0.8)"
mercedes_benz_180_ev2_yaw_140.png,approaching/mercedes_benz_180_ev2_yaw_140.png,approaching,140,mercedes_benz_180_ev2.glb,D:/JRM-O/assets/models/mercedes_benz_180_ev2.glb,512,512,"(0, -4.93067, 1.15)","(0, 0, 0.8)"
mercedes_benz_180_ev2_yaw_150.png,approaching/mercedes_benz_180_ev2_yaw_150.png,approaching,150,mercedes_benz_180_ev2.glb,D:/JRM-O/assets/models/mercedes_benz_180_ev2.glb,512,512,"(0, -4.68786, 1.15)","(0, 0, 0.8)"
mercedes_benz_180_ev2_yaw_160.png,approaching/mercedes_benz_180_ev2_yaw_160.png,approaching,160,mercedes_benz_180_ev2.glb,D:/JRM-O/assets/models/mercedes_benz_180_ev2.glb,512,512,"(0, -4.29894, 1.15)","(0, 0, 0.8)"
mercedes_benz_180_ev2_yaw_170.png,approaching/mercedes_benz_180_ev2_yaw_170.png,approaching,170,mercedes_benz_180_ev2.glb,D:/JRM-O/assets/models/mercedes_benz_180_ev2.glb,512,512,"(0, -4.04946, 1.15)","(0, 0, 0.8)"
mercedes_benz_180_ev2_yaw_180.png,approaching/mercedes_benz_180_ev2_yaw_180.png,approaching,180,mercedes_benz_180_ev2.glb,D:/JRM-O/assets/models/mercedes_benz_180_ev2.glb,512,512,"(0, -3.96919, 1.15)","(0, 0, 0.8)"
mercedes_benz_180_ev2_yaw_190.png,approaching/mercedes_benz_180_ev2_yaw_190.png,approaching,190,mercedes_benz_180_ev2.glb,D:/JRM-O/assets/models/mercedes_benz_180_ev2.glb,512,512,"(0, -4.04946, 1.15)","(0, 0, 0.8)"
mercedes_benz_180_ev2_yaw_200.png,approaching/mercedes_benz_180_ev2_yaw_200.png,approaching,200,mercedes_benz_180_ev2.glb,D:/JRM-O/assets/models/mercedes_benz_180_ev2.glb,512,512,"(0, -4.29894, 1.15)","(0, 0, 0.8)"
mercedes_benz_180_ev2_yaw_210.png,approaching/mercedes_benz_180_ev2_yaw_210.png,approaching,210,mercedes_benz_180_ev2.glb,D:/JRM-O/assets/models/mercedes_benz_180_ev2.glb,512,512,"(0, -4.68786, 1.15)","(0, 0, 0.8)"
mercedes_benz_180_ev2_yaw_220.png,approaching/mercedes_benz_180_ev2_yaw_220.png,approaching,220,mercedes_benz_180_ev2.glb,D:/JRM-O/assets/models/mercedes_benz_180_ev2.glb,512,512,"(0, -4.93067, 1.15)","(0, 0, 0.8)"
mercedes_benz_180_ev2_yaw_230.png,moving_left/mercedes_benz_180_ev2_yaw_230.png,moving_left,230,mercedes_benz_180_ev2.glb,D:/JRM-O/assets/models/mercedes_benz_180_ev2.glb,512,512,"(0, -5.25134, 1.15)","(0, 0, 0.8)"
mercedes_benz_180_ev2_yaw_240.png,moving_left/mercedes_benz_180_ev2_yaw_240.png,moving_left,240,mercedes_benz_180_ev2.glb,D:/JRM-O/assets/models/mercedes_benz_180_ev2.glb,512,512,"(0, -5.22453, 1.15)","(0, 0, 0.8)"
mercedes_benz_180_ev2_yaw_250.png,moving_left/mercedes_benz_180_ev2_yaw_250.png,moving_left,250,mercedes_benz_180_ev2.glb,D:/JRM-O/assets/models/mercedes_benz_180_ev2.glb,512,512,"(0, -5.04603, 1.15)","(0, 0, 0.8)"
mercedes_benz_180_ev2_yaw_260.png,moving_left/mercedes_benz_180_ev2_yaw_260.png,moving_left,260,mercedes_benz_180_ev2.glb,D:/JRM-O/assets/models/mercedes_benz_180_ev2.glb,512,512,"(0, -5.24936, 1.15)","(0, 0, 0.8)"
mercedes_benz_180_ev2_yaw_270.png,moving_left/mercedes_benz_180_ev2_yaw_270.png,moving_left,270,mercedes_benz_180_ev2.glb,D:/JRM-O/assets/models/mercedes_benz_180_ev2.glb,512,512,"(0, -5.29063, 1.15)","(0, 0, 0.8)"
mercedes_benz_180_ev2_yaw_280.png,moving_left/mercedes_benz_180_ev2_yaw_280.png,moving_left,280,mercedes_benz_180_ev2.glb,D:/JRM-O/assets/models/mercedes_benz_180_ev2.glb,512,512,"(0, -5.20753, 1.15)","(0, 0, 0.8)"
mercedes_benz_180_ev2_yaw_290.png,moving_left/mercedes_benz_180_ev2_yaw_290.png,moving_left,290,mercedes_benz_180_ev2.glb,D:/JRM-O/assets/models/mercedes_benz_180_ev2.glb,512,512,"(0, -5.06709, 1.15)","(0, 0, 0.8)"
mercedes_benz_180_ev2_yaw_300.png,moving_left/mercedes_benz_180_ev2_yaw_300.png,moving_left,300,mercedes_benz_180_ev2.glb,D:/JRM-O/assets/models/mercedes_benz_180_ev2.glb,512,512,"(0, -5.25359, 1.15)","(0, 0, 0.8)"
mercedes_benz_180_ev2_yaw_310.png,moving_left/mercedes_benz_180_ev2_yaw_310.png,moving_left,310,mercedes_benz_180_ev2.glb,D:/JRM-O/assets/models/mercedes_benz_180_ev2.glb,512,512,"(0, -5.2891, 1.15)","(0, 0, 0.8)"
mercedes_benz_180_ev2_yaw_320.png,leaving/mercedes_benz_180_ev2_yaw_320.png,leaving,320,mercedes_benz_180_ev2.glb,D:/JRM-O/assets/models/mercedes_benz_180_ev2.glb,512,512,"(0, -4.96808, 1.15)","(0, 0, 0.8)"
mercedes_benz_180_ev2_yaw_330.png,leaving/mercedes_benz_180_ev2_yaw_330.png,leaving,330,mercedes_benz_180_ev2.glb,D:/JRM-O/assets/models/mercedes_benz_180_ev2.glb,512,512,"(0, -4.70271, 1.15)","(0, 0, 0.8)"
mercedes_benz_180_ev2_yaw_340.png,leaving/mercedes_benz_180_ev2_yaw_340.png,leaving,340,mercedes_benz_180_ev2.glb,D:/JRM-O/assets/models/mercedes_benz_180_ev2.glb,512,512,"(0, -4.29068, 1.15)","(0, 0, 0.8)"
mercedes_benz_180_ev2_yaw_350.png,leaving/mercedes_benz_180_ev2_yaw_350.png,leaving,350,mercedes_benz_180_ev2.glb,D:/JRM-O/assets/models/mercedes_benz_180_ev2.glb,512,512,"(0, -4.00455, 1.15)","(0, 0, 0.8)"
mercedes_benz_eqs_yaw_000.png,leaving/mercedes_benz_eqs_yaw_000.png,leaving,0,mercedes_benz_eqs.glb,D:/JRM-O/assets/models/mercedes_benz_eqs.glb,512,512,"(0, -3.84515, 1.15)","(0, 0, 0.8)"
mercedes_benz_eqs_yaw_010.png,leaving/mercedes_benz_eqs_yaw_010.png,leaving,10,mercedes_benz_eqs.glb,D:/JRM-O/assets/models/mercedes_benz_eqs.glb,512,512,"(0, -3.92787, 1.15)","(0, 0, 0.8)"
mercedes_benz_eqs_yaw_020.png,leaving/mercedes_benz_eqs_yaw_020.png,leaving,20,mercedes_benz_eqs.glb,D:/JRM-O/assets/models/mercedes_benz_eqs.glb,512,512,"(0, -4.25566, 1.15)","(0, 0, 0.8)"
mercedes_benz_eqs_yaw_030.png,leaving/mercedes_benz_eqs_yaw_030.png,leaving,30,mercedes_benz_eqs.glb,D:/JRM-O/assets/models/mercedes_benz_eqs.glb,512,512,"(0, -4.63834, 1.15)","(0, 0, 0.8)"
mercedes_benz_eqs_yaw_040.png,leaving/mercedes_benz_eqs_yaw_040.png,leaving,40,mercedes_benz_eqs.glb,D:/JRM-O/assets/models/mercedes_benz_eqs.glb,512,512,"(0, -4.87924, 1.15)","(0, 0, 0.8)"
mercedes_benz_eqs_yaw_050.png,moving_right/mercedes_benz_eqs_yaw_050.png,moving_right,50,mercedes_benz_eqs.glb,D:/JRM-O/assets/models/mercedes_benz_eqs.glb,512,512,"(0, -5.1745, 1.15)","(0, 0, 0.8)"
mercedes_benz_eqs_yaw_060.png,moving_right/mercedes_benz_eqs_yaw_060.png,moving_right,60,mercedes_benz_eqs.glb,D:/JRM-O/assets/models/mercedes_benz_eqs.glb,512,512,"(0, -5.12484, 1.15)","(0, 0, 0.8)"
mercedes_benz_eqs_yaw_070.png,moving_right/mercedes_benz_eqs_yaw_070.png,moving_right,70,mercedes_benz_eqs.glb,D:/JRM-O/assets/models/mercedes_benz_eqs.glb,512,512,"(0, -5.29352, 1.15)","(0, 0, 0.8)"
mercedes_benz_eqs_yaw_080.png,moving_right/mercedes_benz_eqs_yaw_080.png,moving_right,80,mercedes_benz_eqs.glb,D:/JRM-O/assets/models/mercedes_benz_eqs.glb,512,512,"(0, -5.51292, 1.15)","(0, 0, 0.8)"
mercedes_benz_eqs_yaw_090.png,moving_right/mercedes_benz_eqs_yaw_090.png,moving_right,90,mercedes_benz_eqs.glb,D:/JRM-O/assets/models/mercedes_benz_eqs.glb,512,512,"(0, -5.56475, 1.15)","(0, 0, 0.8)"
mercedes_benz_eqs_yaw_100.png,moving_right/mercedes_benz_eqs_yaw_100.png,moving_right,100,mercedes_benz_eqs.glb,D:/JRM-O/assets/models/mercedes_benz_eqs.glb,512,512,"(0, -5.44739, 1.15)","(0, 0, 0.8)"
mercedes_benz_eqs_yaw_110.png,moving_right/mercedes_benz_eqs_yaw_110.png,moving_right,110,mercedes_benz_eqs.glb,D:/JRM-O/assets/models/mercedes_benz_eqs.glb,512,512,"(0, -5.33469, 1.15)","(0, 0, 0.8)"
mercedes_benz_eqs_yaw_120.png,moving_right/mercedes_benz_eqs_yaw_120.png,moving_right,120,mercedes_benz_eqs.glb,D:/JRM-O/assets/models/mercedes_benz_eqs.glb,512,512,"(0, -5.53058, 1.15)","(0, 0, 0.8)"
mercedes_benz_eqs_yaw_130.png,moving_right/mercedes_benz_eqs_yaw_130.png,moving_right,130,mercedes_benz_eqs.glb,D:/JRM-O/assets/models/mercedes_benz_eqs.glb,512,512,"(0, -5.55836, 1.15)","(0, 0, 0.8)"
mercedes_benz_eqs_yaw_140.png,approaching/mercedes_benz_eqs_yaw_140.png,approaching,140,mercedes_benz_eqs.glb,D:/JRM-O/assets/models/mercedes_benz_eqs.glb,512,512,"(0, -5.21821, 1.15)","(0, 0, 0.8)"
mercedes_benz_eqs_yaw_150.png,approaching/mercedes_benz_eqs_yaw_150.png,approaching,150,mercedes_benz_eqs.glb,D:/JRM-O/assets/models/mercedes_benz_eqs.glb,512,512,"(0, -4.93531, 1.15)","(0, 0, 0.8)"
mercedes_benz_eqs_yaw_160.png,approaching/mercedes_benz_eqs_yaw_160.png,approaching,160,mercedes_benz_eqs.glb,D:/JRM-O/assets/models/mercedes_benz_eqs.glb,512,512,"(0, -4.50137, 1.15)","(0, 0, 0.8)"
mercedes_benz_eqs_yaw_170.png,approaching/mercedes_benz_eqs_yaw_170.png,approaching,170,mercedes_benz_eqs.glb,D:/JRM-O/assets/models/mercedes_benz_eqs.glb,512,512,"(0, -4.10144, 1.15)","(0, 0, 0.8)"
mercedes_benz_eqs_yaw_180.png,approaching/mercedes_benz_eqs_yaw_180.png,approaching,180,mercedes_benz_eqs.glb,D:/JRM-O/assets/models/mercedes_benz_eqs.glb,512,512,"(0, -4.02117, 1.15)","(0, 0, 0.8)"
mercedes_benz_eqs_yaw_190.png,approaching/mercedes_benz_eqs_yaw_190.png,approaching,190,mercedes_benz_eqs.glb,D:/JRM-O/assets/models/mercedes_benz_eqs.glb,512,512,"(0, -4.1128, 1.15)","(0, 0, 0.8)"
mercedes_benz_eqs_yaw_200.png,approaching/mercedes_benz_eqs_yaw_200.png,approaching,200,mercedes_benz_eqs.glb,D:/JRM-O/assets/models/mercedes_benz_eqs.glb,512,512,"(0, -4.50137, 1.15)","(0, 0, 0.8)"
mercedes_benz_eqs_yaw_210.png,approaching/mercedes_benz_eqs_yaw_210.png,approaching,210,mercedes_benz_eqs.glb,D:/JRM-O/assets/models/mercedes_benz_eqs.glb,512,512,"(0, -4.93531, 1.15)","(0, 0, 0.8)"
mercedes_benz_eqs_yaw_220.png,approaching/mercedes_benz_eqs_yaw_220.png,approaching,220,mercedes_benz_eqs.glb,D:/JRM-O/assets/models/mercedes_benz_eqs.glb,512,512,"(0, -5.21821, 1.15)","(0, 0, 0.8)"
mercedes_benz_eqs_yaw_230.png,moving_left/mercedes_benz_eqs_yaw_230.png,moving_left,230,mercedes_benz_eqs.glb,D:/JRM-O/assets/models/mercedes_benz_eqs.glb,512,512,"(0, -5.55837, 1.15)","(0, 0, 0.8)"
mercedes_benz_eqs_yaw_240.png,moving_left/mercedes_benz_eqs_yaw_240.png,moving_left,240,mercedes_benz_eqs.glb,D:/JRM-O/assets/models/mercedes_benz_eqs.glb,512,512,"(0, -5.53058, 1.15)","(0, 0, 0.8)"
mercedes_benz_eqs_yaw_250.png,moving_left/mercedes_benz_eqs_yaw_250.png,moving_left,250,mercedes_benz_eqs.glb,D:/JRM-O/assets/models/mercedes_benz_eqs.glb,512,512,"(0, -5.33469, 1.15)","(0, 0, 0.8)"
mercedes_benz_eqs_yaw_260.png,moving_left/mercedes_benz_eqs_yaw_260.png,moving_left,260,mercedes_benz_eqs.glb,D:/JRM-O/assets/models/mercedes_benz_eqs.glb,512,512,"(0, -5.44739, 1.15)","(0, 0, 0.8)"
mercedes_benz_eqs_yaw_270.png,moving_left/mercedes_benz_eqs_yaw_270.png,moving_left,270,mercedes_benz_eqs.glb,D:/JRM-O/assets/models/mercedes_benz_eqs.glb,512,512,"(0, -5.56475, 1.15)","(0, 0, 0.8)"
mercedes_benz_eqs_yaw_280.png,moving_left/mercedes_benz_eqs_yaw_280.png,moving_left,280,mercedes_benz_eqs.glb,D:/JRM-O/assets/models/mercedes_benz_eqs.glb,512,512,"(0, -5.51292, 1.15)","(0, 0, 0.8)"
mercedes_benz_eqs_yaw_290.png,moving_left/mercedes_benz_eqs_yaw_290.png,moving_left,290,mercedes_benz_eqs.glb,D:/JRM-O/assets/models/mercedes_benz_eqs.glb,512,512,"(0, -5.29352, 1.15)","(0, 0, 0.8)"
mercedes_benz_eqs_yaw_300.png,moving_left/mercedes_benz_eqs_yaw_300.png,moving_left,300,mercedes_benz_eqs.glb,D:/JRM-O/assets/models/mercedes_benz_eqs.glb,512,512,"(0, -5.12484, 1.15)","(0, 0, 0.8)"
mercedes_benz_eqs_yaw_310.png,moving_left/mercedes_benz_eqs_yaw_310.png,moving_left,310,mercedes_benz_eqs.glb,D:/JRM-O/assets/models/mercedes_benz_eqs.glb,512,512,"(0, -5.1745, 1.15)","(0, 0, 0.8)"
mercedes_benz_eqs_yaw_320.png,leaving/mercedes_benz_eqs_yaw_320.png,leaving,320,mercedes_benz_eqs.glb,D:/JRM-O/assets/models/mercedes_benz_eqs.glb,512,512,"(0, -4.87924, 1.15)","(0, 0, 0.8)"
mercedes_benz_eqs_yaw_330.png,leaving/mercedes_benz_eqs_yaw_330.png,leaving,330,mercedes_benz_eqs.glb,D:/JRM-O/assets/models/mercedes_benz_eqs.glb,512,512,"(0, -4.63834, 1.15)","(0, 0, 0.8)"
mercedes_benz_eqs_yaw_340.png,leaving/mercedes_benz_eqs_yaw_340.png,leaving,340,mercedes_benz_eqs.glb,D:/JRM-O/assets/models/mercedes_benz_eqs.glb,512,512,"(0, -4.25566, 1.15)","(0, 0, 0.8)"
mercedes_benz_eqs_yaw_350.png,leaving/mercedes_benz_eqs_yaw_350.png,leaving,350,mercedes_benz_eqs.glb,D:/JRM-O/assets/models/mercedes_benz_eqs.glb,512,512,"(0, -3.92787, 1.15)","(0, 0, 0.8)"
mercedes_maybach_s650_pullman_yaw_000.png,leaving/mercedes_maybach_s650_pullman_yaw_000.png,leaving,0,mercedes_maybach_s650_pullman.glb,D:/JRM-O/assets/models/mercedes_maybach_s650_pullman.glb,512,512,"(0, -3.9922, 1.15)","(0, 0, 0.8)"
mercedes_maybach_s650_pullman_yaw_010.png,leaving/mercedes_maybach_s650_pullman_yaw_010.png,leaving,10,mercedes_maybach_s650_pullman.glb,D:/JRM-O/assets/models/mercedes_maybach_s650_pullman.glb,512,512,"(0, -4.04225, 1.15)","(0, 0, 0.8)"
mercedes_maybach_s650_pullman_yaw_020.png,leaving/mercedes_maybach_s650_pullman_yaw_020.png,leaving,20,mercedes_maybach_s650_pullman.glb,D:/JRM-O/assets/models/mercedes_maybach_s650_pullman.glb,512,512,"(0, -4.03587, 1.15)","(0, 0, 0.8)"
mercedes_maybach_s650_pullman_yaw_030.png,leaving/mercedes_maybach_s650_pullman_yaw_030.png,leaving,30,mercedes_maybach_s650_pullman.glb,D:/JRM-O/assets/models/mercedes_maybach_s650_pullman.glb,512,512,"(0, -4.42404, 1.15)","(0, 0, 0.8)"
mercedes_maybach_s650_pullman_yaw_040.png,leaving/mercedes_maybach_s650_pullman_yaw_040.png,leaving,40,mercedes_maybach_s650_pullman.glb,D:/JRM-O/assets/models/mercedes_maybach_s650_pullman.glb,512,512,"(0, -4.76945, 1.15)","(0, 0, 0.8)"
mercedes_maybach_s650_pullman_yaw_050.png,moving_right/mercedes_maybach_s650_pullman_yaw_050.png,moving_right,50,mercedes_maybach_s650_pullman.glb,D:/JRM-O/assets/models/mercedes_maybach_s650_pullman.glb,512,512,"(0, -5.16539, 1.15)","(0, 0, 0.8)"
mercedes_maybach_s650_pullman_yaw_060.png,moving_right/mercedes_maybach_s650_pullman_yaw_060.png,moving_right,60,mercedes_maybach_s650_pullman.glb,D:/JRM-O/assets/models/mercedes_maybach_s650_pullman.glb,512,512,"(0, -5.22008, 1.15)","(0, 0, 0.8)"
mercedes_maybach_s650_pullman_yaw_070.png,moving_right/mercedes_maybach_s650_pullman_yaw_070.png,moving_right,70,mercedes_maybach_s650_pullman.glb,D:/JRM-O/assets/models/mercedes_maybach_s650_pullman.glb,512,512,"(0, -5.11247, 1.15)","(0, 0, 0.8)"
mercedes_maybach_s650_pullman_yaw_080.png,moving_right/mercedes_maybach_s650_pullman_yaw_080.png,moving_right,80,mercedes_maybach_s650_pullman.glb,D:/JRM-O/assets/models/mercedes_maybach_s650_pullman.glb,512,512,"(0, -5.18306, 1.15)","(0, 0, 0.8)"
mercedes_maybach_s650_pullman_yaw_090.png,moving_right/mercedes_maybach_s650_pullman_yaw_090.png,moving_right,90,mercedes_maybach_s650_pullman.glb,D:/JRM-O/assets/models/mercedes_maybach_s650_pullman.glb,512,512,"(0, -5.21465, 1.15)","(0, 0, 0.8)"
mercedes_maybach_s650_pullman_yaw_100.png,moving_right/mercedes_maybach_s650_pullman_yaw_100.png,moving_right,100,mercedes_maybach_s650_pullman.glb,D:/JRM-O/assets/models/mercedes_maybach_s650_pullman.glb,512,512,"(0, -5.08411, 1.15)","(0, 0, 0.8)"
mercedes_maybach_s650_pullman_yaw_110.png,moving_right/mercedes_maybach_s650_pullman_yaw_110.png,moving_right,110,mercedes_maybach_s650_pullman.glb,D:/JRM-O/assets/models/mercedes_maybach_s650_pullman.glb,512,512,"(0, -4.84828, 1.15)","(0, 0, 0.8)"
mercedes_maybach_s650_pullman_yaw_120.png,moving_right/mercedes_maybach_s650_pullman_yaw_120.png,moving_right,120,mercedes_maybach_s650_pullman.glb,D:/JRM-O/assets/models/mercedes_maybach_s650_pullman.glb,512,512,"(0, -4.96126, 1.15)","(0, 0, 0.8)"
mercedes_maybach_s650_pullman_yaw_130.png,moving_right/mercedes_maybach_s650_pullman_yaw_130.png,moving_right,130,mercedes_maybach_s650_pullman.glb,D:/JRM-O/assets/models/mercedes_maybach_s650_pullman.glb,512,512,"(0, -4.91945, 1.15)","(0, 0, 0.8)"
mercedes_maybach_s650_pullman_yaw_140.png,approaching/mercedes_maybach_s650_pullman_yaw_140.png,approaching,140,mercedes_maybach_s650_pullman.glb,D:/JRM-O/assets/models/mercedes_maybach_s650_pullman.glb,512,512,"(0, -4.55032, 1.15)","(0, 0, 0.8)"
mercedes_maybach_s650_pullman_yaw_150.png,approaching/mercedes_maybach_s650_pullman_yaw_150.png,approaching,150,mercedes_maybach_s650_pullman.glb,D:/JRM-O/assets/models/mercedes_maybach_s650_pullman.glb,512,512,"(0, -4.22989, 1.15)","(0, 0, 0.8)"
mercedes_maybach_s650_pullman_yaw_160.png,approaching/mercedes_maybach_s650_pullman_yaw_160.png,approaching,160,mercedes_maybach_s650_pullman.glb,D:/JRM-O/assets/models/mercedes_maybach_s650_pullman.glb,512,512,"(0, -3.93005, 1.15)","(0, 0, 0.8)"
mercedes_maybach_s650_pullman_yaw_170.png,approaching/mercedes_maybach_s650_pullman_yaw_170.png,approaching,170,mercedes_maybach_s650_pullman.glb,D:/JRM-O/assets/models/mercedes_maybach_s650_pullman.glb,512,512,"(0, -3.93026, 1.15)","(0, 0, 0.8)"
mercedes_maybach_s650_pullman_yaw_180.png,approaching/mercedes_maybach_s650_pullman_yaw_180.png,approaching,180,mercedes_maybach_s650_pullman.glb,D:/JRM-O/assets/models/mercedes_maybach_s650_pullman.glb,512,512,"(0, -3.8764, 1.15)","(0, 0, 0.8)"
mercedes_maybach_s650_pullman_yaw_190.png,approaching/mercedes_maybach_s650_pullman_yaw_190.png,approaching,190,mercedes_maybach_s650_pullman.glb,D:/JRM-O/assets/models/mercedes_maybach_s650_pullman.glb,512,512,"(0, -3.93026, 1.15)","(0, 0, 0.8)"
mercedes_maybach_s650_pullman_yaw_200.png,approaching/mercedes_maybach_s650_pullman_yaw_200.png,approaching,200,mercedes_maybach_s650_pullman.glb,D:/JRM-O/assets/models/mercedes_maybach_s650_pullman.glb,512,512,"(0, -3.93005, 1.15)","(0, 0, 0.8)"
mercedes_maybach_s650_pullman_yaw_210.png,approaching/mercedes_maybach_s650_pullman_yaw_210.png,approaching,210,mercedes_maybach_s650_pullman.glb,D:/JRM-O/assets/models/mercedes_maybach_s650_pullman.glb,512,512,"(0, -4.22989, 1.15)","(0, 0, 0.8)"
mercedes_maybach_s650_pullman_yaw_220.png,approaching/mercedes_maybach_s650_pullman_yaw_220.png,approaching,220,mercedes_maybach_s650_pullman.glb,D:/JRM-O/assets/models/mercedes_maybach_s650_pullman.glb,512,512,"(0, -4.55032, 1.15)","(0, 0, 0.8)"
mercedes_maybach_s650_pullman_yaw_230.png,moving_left/mercedes_maybach_s650_pullman_yaw_230.png,moving_left,230,mercedes_maybach_s650_pullman.glb,D:/JRM-O/assets/models/mercedes_maybach_s650_pullman.glb,512,512,"(0, -4.91945, 1.15)","(0, 0, 0.8)"
mercedes_maybach_s650_pullman_yaw_240.png,moving_left/mercedes_maybach_s650_pullman_yaw_240.png,moving_left,240,mercedes_maybach_s650_pullman.glb,D:/JRM-O/assets/models/mercedes_maybach_s650_pullman.glb,512,512,"(0, -4.96126, 1.15)","(0, 0, 0.8)"
mercedes_maybach_s650_pullman_yaw_250.png,moving_left/mercedes_maybach_s650_pullman_yaw_250.png,moving_left,250,mercedes_maybach_s650_pullman.glb,D:/JRM-O/assets/models/mercedes_maybach_s650_pullman.glb,512,512,"(0, -4.84828, 1.15)","(0, 0, 0.8)"
mercedes_maybach_s650_pullman_yaw_260.png,moving_left/mercedes_maybach_s650_pullman_yaw_260.png,moving_left,260,mercedes_maybach_s650_pullman.glb,D:/JRM-O/assets/models/mercedes_maybach_s650_pullman.glb,512,512,"(0, -5.08411, 1.15)","(0, 0, 0.8)"
mercedes_maybach_s650_pullman_yaw_270.png,moving_left/mercedes_maybach_s650_pullman_yaw_270.png,moving_left,270,mercedes_maybach_s650_pullman.glb,D:/JRM-O/assets/models/mercedes_maybach_s650_pullman.glb,512,512,"(0, -5.21465, 1.15)","(0, 0, 0.8)"
mercedes_maybach_s650_pullman_yaw_280.png,moving_left/mercedes_maybach_s650_pullman_yaw_280.png,moving_left,280,mercedes_maybach_s650_pullman.glb,D:/JRM-O/assets/models/mercedes_maybach_s650_pullman.glb,512,512,"(0, -5.18306, 1.15)","(0, 0, 0.8)"
mercedes_maybach_s650_pullman_yaw_290.png,moving_left/mercedes_maybach_s650_pullman_yaw_290.png,moving_left,290,mercedes_maybach_s650_pullman.glb,D:/JRM-O/assets/models/mercedes_maybach_s650_pullman.glb,512,512,"(0, -5.11247, 1.15)","(0, 0, 0.8)"
mercedes_maybach_s650_pullman_yaw_300.png,moving_left/mercedes_maybach_s650_pullman_yaw_300.png,moving_left,300,mercedes_maybach_s650_pullman.glb,D:/JRM-O/assets/models/mercedes_maybach_s650_pullman.glb,512,512,"(0, -5.22008, 1.15)","(0, 0, 0.8)"
mercedes_maybach_s650_pullman_yaw_310.png,moving_left/mercedes_maybach_s650_pullman_yaw_310.png,moving_left,310,mercedes_maybach_s650_pullman.glb,D:/JRM-O/assets/models/mercedes_maybach_s650_pullman.glb,512,512,"(0, -5.16539, 1.15)","(0, 0, 0.8)"
mercedes_maybach_s650_pullman_yaw_320.png,leaving/mercedes_maybach_s650_pullman_yaw_320.png,leaving,320,mercedes_maybach_s650_pullman.glb,D:/JRM-O/assets/models/mercedes_maybach_s650_pullman.glb,512,512,"(0, -4.76945, 1.15)","(0, 0, 0.8)"
mercedes_maybach_s650_pullman_yaw_330.png,leaving/mercedes_maybach_s650_pullman_yaw_330.png,leaving,330,mercedes_maybach_s650_pullman.glb,D:/JRM-O/assets/models/mercedes_maybach_s650_pullman.glb,512,512,"(0, -4.42404, 1.15)","(0, 0, 0.8)"
mercedes_maybach_s650_pullman_yaw_340.png,leaving/mercedes_maybach_s650_pullman_yaw_340.png,leaving,340,mercedes_maybach_s650_pullman.glb,D:/JRM-O/assets/models/mercedes_maybach_s650_pullman.glb,512,512,"(0, -4.03587, 1.15)","(0, 0, 0.8)"
mercedes_maybach_s650_pullman_yaw_350.png,leaving/mercedes_maybach_s650_pullman_yaw_350.png,leaving,350,mercedes_maybach_s650_pullman.glb,D:/JRM-O/assets/models/mercedes_maybach_s650_pullman.glb,512,512,"(0, -4.04225, 1.15)","(0, 0, 0.8)"
mg_t-type_yaw_000.png,leaving/mg_t-type_yaw_000.png,leaving,0,mg_t-type.glb,D:/JRM-O/assets/models/mg_t-type.glb,512,512,"(0, -3.84149, 1.15)","(0, 0, 0.8)"
mg_t-type_yaw_010.png,leaving/mg_t-type_yaw_010.png,leaving,10,mg_t-type.glb,D:/JRM-O/assets/models/mg_t-type.glb,512,512,"(0, -3.95314, 1.15)","(0, 0, 0.8)"
mg_t-type_yaw_020.png,leaving/mg_t-type_yaw_020.png,leaving,20,mg_t-type.glb,D:/JRM-O/assets/models/mg_t-type.glb,512,512,"(0, -4.45224, 1.15)","(0, 0, 0.8)"
mg_t-type_yaw_030.png,leaving/mg_t-type_yaw_030.png,leaving,30,mg_t-type.glb,D:/JRM-O/assets/models/mg_t-type.glb,512,512,"(0, -4.8177, 1.15)","(0, 0, 0.8)"
mg_t-type_yaw_040.png,leaving/mg_t-type_yaw_040.png,leaving,40,mg_t-type.glb,D:/JRM-O/assets/models/mg_t-type.glb,512,512,"(0, -5.03853, 1.15)","(0, 0, 0.8)"
mg_t-type_yaw_050.png,moving_right/mg_t-type_yaw_050.png,moving_right,50,mg_t-type.glb,D:/JRM-O/assets/models/mg_t-type.glb,512,512,"(0, -5.31587, 1.15)","(0, 0, 0.8)"
mg_t-type_yaw_060.png,moving_right/mg_t-type_yaw_060.png,moving_right,60,mg_t-type.glb,D:/JRM-O/assets/models/mg_t-type.glb,512,512,"(0, -5.24042, 1.15)","(0, 0, 0.8)"
mg_t-type_yaw_070.png,moving_right/mg_t-type_yaw_070.png,moving_right,70,mg_t-type.glb,D:/JRM-O/assets/models/mg_t-type.glb,512,512,"(0, -5.38586, 1.15)","(0, 0, 0.8)"
mg_t-type_yaw_080.png,moving_right/mg_t-type_yaw_080.png,moving_right,80,mg_t-type.glb,D:/JRM-O/assets/models/mg_t-type.glb,512,512,"(0, -5.57345, 1.15)","(0, 0, 0.8)"
mg_t-type_yaw_090.png,moving_right/mg_t-type_yaw_090.png,moving_right,90,mg_t-type.glb,D:/JRM-O/assets/models/mg_t-type.glb,512,512,"(0, -5.59366, 1.15)","(0, 0, 0.8)"
mg_t-type_yaw_100.png,moving_right/mg_t-type_yaw_100.png,moving_right,100,mg_t-type.glb,D:/JRM-O/assets/models/mg_t-type.glb,512,512,"(0, -5.44577, 1.15)","(0, 0, 0.8)"
mg_t-type_yaw_110.png,moving_right/mg_t-type_yaw_110.png,moving_right,110,mg_t-type.glb,D:/JRM-O/assets/models/mg_t-type.glb,512,512,"(0, -5.31944, 1.15)","(0, 0, 0.8)"
mg_t-type_yaw_120.png,moving_right/mg_t-type_yaw_120.png,moving_right,120,mg_t-type.glb,D:/JRM-O/assets/models/mg_t-type.glb,512,512,"(0, -5.54494, 1.15)","(0, 0, 0.8)"
mg_t-type_yaw_130.png,moving_right/mg_t-type_yaw_130.png,moving_right,130,mg_t-type.glb,D:/JRM-O/assets/models/mg_t-type.glb,512,512,"(0, -5.60396, 1.15)","(0, 0, 0.8)"
mg_t-type_yaw_140.png,approaching/mg_t-type_yaw_140.png,approaching,140,mg_t-type.glb,D:/JRM-O/assets/models/mg_t-type.glb,512,512,"(0, -5.29305, 1.15)","(0, 0, 0.8)"
mg_t-type_yaw_150.png,approaching/mg_t-type_yaw_150.png,approaching,150,mg_t-type.glb,D:/JRM-O/assets/models/mg_t-type.glb,512,512,"(0, -5.04085, 1.15)","(0, 0, 0.8)"
mg_t-type_yaw_160.png,approaching/mg_t-type_yaw_160.png,approaching,160,mg_t-type.glb,D:/JRM-O/assets/models/mg_t-type.glb,512,512,"(0, -4.63721, 1.15)","(0, 0, 0.8)"
mg_t-type_yaw_170.png,approaching/mg_t-type_yaw_170.png,approaching,170,mg_t-type.glb,D:/JRM-O/assets/models/mg_t-type.glb,512,512,"(0, -4.41908, 1.15)","(0, 0, 0.8)"
mg_t-type_yaw_180.png,approaching/mg_t-type_yaw_180.png,approaching,180,mg_t-type.glb,D:/JRM-O/assets/models/mg_t-type.glb,512,512,"(0, -4.32564, 1.15)","(0, 0, 0.8)"
mg_t-type_yaw_190.png,approaching/mg_t-type_yaw_190.png,approaching,190,mg_t-type.glb,D:/JRM-O/assets/models/mg_t-type.glb,512,512,"(0, -4.41908, 1.15)","(0, 0, 0.8)"
mg_t-type_yaw_200.png,approaching/mg_t-type_yaw_200.png,approaching,200,mg_t-type.glb,D:/JRM-O/assets/models/mg_t-type.glb,512,512,"(0, -4.63721, 1.15)","(0, 0, 0.8)"
mg_t-type_yaw_210.png,approaching/mg_t-type_yaw_210.png,approaching,210,mg_t-type.glb,D:/JRM-O/assets/models/mg_t-type.glb,512,512,"(0, -5.04085, 1.15)","(0, 0, 0.8)"
mg_t-type_yaw_220.png,approaching/mg_t-type_yaw_220.png,approaching,220,mg_t-type.glb,D:/JRM-O/assets/models/mg_t-type.glb,512,512,"(0, -5.29305, 1.15)","(0, 0, 0.8)"
mg_t-type_yaw_230.png,moving_left/mg_t-type_yaw_230.png,moving_left,230,mg_t-type.glb,D:/JRM-O/assets/models/mg_t-type.glb,512,512,"(0, -5.60397, 1.15)","(0, 0, 0.8)"
mg_t-type_yaw_240.png,moving_left/mg_t-type_yaw_240.png,moving_left,240,mg_t-type.glb,D:/JRM-O/assets/models/mg_t-type.glb,512,512,"(0, -5.54494, 1.15)","(0, 0, 0.8)"
mg_t-type_yaw_250.png,moving_left/mg_t-type_yaw_250.png,moving_left,250,mg_t-type.glb,D:/JRM-O/assets/models/mg_t-type.glb,512,512,"(0, -5.31944, 1.15)","(0, 0, 0.8)"
mg_t-type_yaw_260.png,moving_left/mg_t-type_yaw_260.png,moving_left,260,mg_t-type.glb,D:/JRM-O/assets/models/mg_t-type.glb,512,512,"(0, -5.44577, 1.15)","(0, 0, 0.8)"
mg_t-type_yaw_270.png,moving_left/mg_t-type_yaw_270.png,moving_left,270,mg_t-type.glb,D:/JRM-O/assets/models/mg_t-type.glb,512,512,"(0, -5.59366, 1.15)","(0, 0, 0.8)"
mg_t-type_yaw_280.png,moving_left/mg_t-type_yaw_280.png,moving_left,280,mg_t-type.glb,D:/JRM-O/assets/models/mg_t-type.glb,512,512,"(0, -5.57345, 1.15)","(0, 0, 0.8)"
mg_t-type_yaw_290.png,moving_left/mg_t-type_yaw_290.png,moving_left,290,mg_t-type.glb,D:/JRM-O/assets/models/mg_t-type.glb,512,512,"(0, -5.38586, 1.15)","(0, 0, 0.8)"
mg_t-type_yaw_300.png,moving_left/mg_t-type_yaw_300.png,moving_left,300,mg_t-type.glb,D:/JRM-O/assets/models/mg_t-type.glb,512,512,"(0, -5.24042, 1.15)","(0, 0, 0.8)"
mg_t-type_yaw_310.png,moving_left/mg_t-type_yaw_310.png,moving_left,310,mg_t-type.glb,D:/JRM-O/assets/models/mg_t-type.glb,512,512,"(0, -5.31587, 1.15)","(0, 0, 0.8)"
mg_t-type_yaw_320.png,leaving/mg_t-type_yaw_320.png,leaving,320,mg_t-type.glb,D:/JRM-O/assets/models/mg_t-type.glb,512,512,"(0, -5.03853, 1.15)","(0, 0, 0.8)"
mg_t-type_yaw_330.png,leaving/mg_t-type_yaw_330.png,leaving,330,mg_t-type.glb,D:/JRM-O/assets/models/mg_t-type.glb,512,512,"(0, -4.8177, 1.15)","(0, 0, 0.8)"
mg_t-type_yaw_340.png,leaving/mg_t-type_yaw_340.png,leaving,340,mg_t-type.glb,D:/JRM-O/assets/models/mg_t-type.glb,512,512,"(0, -4.45224, 1.15)","(0, 0, 0.8)"
mg_t-type_yaw_350.png,leaving/mg_t-type_yaw_350.png,leaving,350,mg_t-type.glb,D:/JRM-O/assets/models/mg_t-type.glb,512,512,"(0, -3.95314, 1.15)","(0, 0, 0.8)"
porsche_911_carrera_4_yaw_000.png,leaving/porsche_911_carrera_4_yaw_000.png,leaving,0,porsche_911_carrera_4.glb,D:/JRM-O/assets/models/porsche_911_carrera_4.glb,512,512,"(0, -3.97925, 1.15)","(0, 0, 0.8)"
porsche_911_carrera_4_yaw_010.png,leaving/porsche_911_carrera_4_yaw_010.png,leaving,10,porsche_911_carrera_4.glb,D:/JRM-O/assets/models/porsche_911_carrera_4.glb,512,512,"(0, -4.08215, 1.15)","(0, 0, 0.8)"
porsche_911_carrera_4_yaw_020.png,leaving/porsche_911_carrera_4_yaw_020.png,leaving,20,porsche_911_carrera_4.glb,D:/JRM-O/assets/models/porsche_911_carrera_4.glb,512,512,"(0, -4.59278, 1.15)","(0, 0, 0.8)"
porsche_911_carrera_4_yaw_030.png,leaving/porsche_911_carrera_4_yaw_030.png,leaving,30,porsche_911_carrera_4.glb,D:/JRM-O/assets/models/porsche_911_carrera_4.glb,512,512,"(0, -4.96854, 1.15)","(0, 0, 0.8)"
porsche_911_carrera_4_yaw_040.png,leaving/porsche_911_carrera_4_yaw_040.png,leaving,40,porsche_911_carrera_4.glb,D:/JRM-O/assets/models/porsche_911_carrera_4.glb,512,512,"(0, -5.19228, 1.15)","(0, 0, 0.8)"
porsche_911_carrera_4_yaw_050.png,moving_right/porsche_911_carrera_4_yaw_050.png,moving_right,50,porsche_911_carrera_4.glb,D:/JRM-O/assets/models/porsche_911_carrera_4.glb,512,512,"(0, -5.47548, 1.15)","(0, 0, 0.8)"
porsche_911_carrera_4_yaw_060.png,moving_right/porsche_911_carrera_4_yaw_060.png,moving_right,60,porsche_911_carrera_4.glb,D:/JRM-O/assets/models/porsche_911_carrera_4.glb,512,512,"(0, -5.38847, 1.15)","(0, 0, 0.8)"
porsche_911_carrera_4_yaw_070.png,moving_right/porsche_911_carrera_4_yaw_070.png,moving_right,70,porsche_911_carrera_4.glb,D:/JRM-O/assets/models/porsche_911_carrera_4.glb,512,512,"(0, -5.23588, 1.15)","(0, 0, 0.8)"
porsche_911_carrera_4_yaw_080.png,moving_right/porsche_911_carrera_4_yaw_080.png,moving_right,80,porsche_911_carrera_4.glb,D:/JRM-O/assets/models/porsche_911_carrera_4.glb,512,512,"(0, -5.38624, 1.15)","(0, 0, 0.8)"
porsche_911_carrera_4_yaw_090.png,moving_right/porsche_911_carrera_4_yaw_090.png,moving_right,90,porsche_911_carrera_4.glb,D:/JRM-O/assets/models/porsche_911_carrera_4.glb,512,512,"(0, -5.4501, 1.15)","(0, 0, 0.8)"
porsche_911_carrera_4_yaw_100.png,moving_right/porsche_911_carrera_4_yaw_100.png,moving_right,100,porsche_911_carrera_4.glb,D:/JRM-O/assets/models/porsche_911_carrera_4.glb,512,512,"(0, -5.45865, 1.15)","(0, 0, 0.8)"
porsche_911_carrera_4_yaw_110.png,moving_right/porsche_911_carrera_4_yaw_110.png,moving_right,110,porsche_911_carrera_4.glb,D:/JRM-O/assets/models/porsche_911_carrera_4.glb,512,512,"(0, -5.30068, 1.15)","(0, 0, 0.8)"
porsche_911_carrera_4_yaw_120.png,moving_right/porsche_911_carrera_4_yaw_120.png,moving_right,120,porsche_911_carrera_4.glb,D:/JRM-O/assets/models/porsche_911_carrera_4.glb,512,512,"(0, -5.30895, 1.15)","(0, 0, 0.8)"
porsche_911_carrera_4_yaw_130.png,moving_right/porsche_911_carrera_4_yaw_130.png,moving_right,130,porsche_911_carrera_4.glb,D:/JRM-O/assets/models/porsche_911_carrera_4.glb,512,512,"(0, -5.40024, 1.15)","(0, 0, 0.8)"
porsche_911_carrera_4_yaw_140.png,approaching/porsche_911_carrera_4_yaw_140.png,approaching,140,porsche_911_carrera_4.glb,D:/JRM-O/assets/models/porsche_911_carrera_4.glb,512,512,"(0, -5.12579, 1.15)","(0, 0, 0.8)"
porsche_911_carrera_4_yaw_150.png,approaching/porsche_911_carrera_4_yaw_150.png,approaching,150,porsche_911_carrera_4.glb,D:/JRM-O/assets/models/porsche_911_carrera_4.glb,512,512,"(0, -4.91023, 1.15)","(0, 0, 0.8)"
porsche_911_carrera_4_yaw_160.png,approaching/porsche_911_carrera_4_yaw_160.png,approaching,160,porsche_911_carrera_4.glb,D:/JRM-O/assets/models/porsche_911_carrera_4.glb,512,512,"(0, -4.54443, 1.15)","(0, 0, 0.8)"
porsche_911_carrera_4_yaw_170.png,approaching/porsche_911_carrera_4_yaw_170.png,approaching,170,porsche_911_carrera_4.glb,D:/JRM-O/assets/models/porsche_911_carrera_4.glb,512,512,"(0, -4.05412, 1.15)","(0, 0, 0.8)"
porsche_911_carrera_4_yaw_180.png,approaching/porsche_911_carrera_4_yaw_180.png,approaching,180,porsche_911_carrera_4.glb,D:/JRM-O/assets/models/porsche_911_carrera_4.glb,512,512,"(0, -3.95058, 1.15)","(0, 0, 0.8)"
porsche_911_carrera_4_yaw_190.png,approaching/porsche_911_carrera_4_yaw_190.png,approaching,190,porsche_911_carrera_4.glb,D:/JRM-O/assets/models/porsche_911_carrera_4.glb,512,512,"(0, -4.05412, 1.15)","(0, 0, 0.8)"
porsche_911_carrera_4_yaw_200.png,approaching/porsche_911_carrera_4_yaw_200.png,approaching,200,porsche_911_carrera_4.glb,D:/JRM-O/assets/models/porsche_911_carrera_4.glb,512,512,"(0, -4.54443, 1.15)","(0, 0, 0.8)"
porsche_911_carrera_4_yaw_210.png,approaching/porsche_911_carrera_4_yaw_210.png,approaching,210,porsche_911_carrera_4.glb,D:/JRM-O/assets/models/porsche_911_carrera_4.glb,512,512,"(0, -4.91023, 1.15)","(0, 0, 0.8)"
porsche_911_carrera_4_yaw_220.png,approaching/porsche_911_carrera_4_yaw_220.png,approaching,220,porsche_911_carrera_4.glb,D:/JRM-O/assets/models/porsche_911_carrera_4.glb,512,512,"(0, -5.12579, 1.15)","(0, 0, 0.8)"
porsche_911_carrera_4_yaw_230.png,moving_left/porsche_911_carrera_4_yaw_230.png,moving_left,230,porsche_911_carrera_4.glb,D:/JRM-O/assets/models/porsche_911_carrera_4.glb,512,512,"(0, -5.40024, 1.15)","(0, 0, 0.8)"
porsche_911_carrera_4_yaw_240.png,moving_left/porsche_911_carrera_4_yaw_240.png,moving_left,240,porsche_911_carrera_4.glb,D:/JRM-O/assets/models/porsche_911_carrera_4.glb,512,512,"(0, -5.30895, 1.15)","(0, 0, 0.8)"
porsche_911_carrera_4_yaw_250.png,moving_left/porsche_911_carrera_4_yaw_250.png,moving_left,250,porsche_911_carrera_4.glb,D:/JRM-O/assets/models/porsche_911_carrera_4.glb,512,512,"(0, -5.30068, 1.15)","(0, 0, 0.8)"
porsche_911_carrera_4_yaw_260.png,moving_left/porsche_911_carrera_4_yaw_260.png,moving_left,260,porsche_911_carrera_4.glb,D:/JRM-O/assets/models/porsche_911_carrera_4.glb,512,512,"(0, -5.45865, 1.15)","(0, 0, 0.8)"
porsche_911_carrera_4_yaw_270.png,moving_left/porsche_911_carrera_4_yaw_270.png,moving_left,270,porsche_911_carrera_4.glb,D:/JRM-O/assets/models/porsche_911_carrera_4.glb,512,512,"(0, -5.4501, 1.15)","(0, 0, 0.8)"
porsche_911_carrera_4_yaw_280.png,moving_left/porsche_911_carrera_4_yaw_280.png,moving_left,280,porsche_911_carrera_4.glb,D:/JRM-O/assets/models/porsche_911_carrera_4.glb,512,512,"(0, -5.38624, 1.15)","(0, 0, 0.8)"
porsche_911_carrera_4_yaw_290.png,moving_left/porsche_911_carrera_4_yaw_290.png,moving_left,290,porsche_911_carrera_4.glb,D:/JRM-O/assets/models/porsche_911_carrera_4.glb,512,512,"(0, -5.23588, 1.15)","(0, 0, 0.8)"
porsche_911_carrera_4_yaw_300.png,moving_left/porsche_911_carrera_4_yaw_300.png,moving_left,300,porsche_911_carrera_4.glb,D:/JRM-O/assets/models/porsche_911_carrera_4.glb,512,512,"(0, -5.38847, 1.15)","(0, 0, 0.8)"
porsche_911_carrera_4_yaw_310.png,moving_left/porsche_911_carrera_4_yaw_310.png,moving_left,310,porsche_911_carrera_4.glb,D:/JRM-O/assets/models/porsche_911_carrera_4.glb,512,512,"(0, -5.47548, 1.15)","(0, 0, 0.8)"
porsche_911_carrera_4_yaw_320.png,leaving/porsche_911_carrera_4_yaw_320.png,leaving,320,porsche_911_carrera_4.glb,D:/JRM-O/assets/models/porsche_911_carrera_4.glb,512,512,"(0, -5.19228, 1.15)","(0, 0, 0.8)"
porsche_911_carrera_4_yaw_330.png,leaving/porsche_911_carrera_4_yaw_330.png,leaving,330,porsche_911_carrera_4.glb,D:/JRM-O/assets/models/porsche_911_carrera_4.glb,512,512,"(0, -4.96854, 1.15)","(0, 0, 0.8)"
porsche_911_carrera_4_yaw_340.png,leaving/porsche_911_carrera_4_yaw_340.png,leaving,340,porsche_911_carrera_4.glb,D:/JRM-O/assets/models/porsche_911_carrera_4.glb,512,512,"(0, -4.59278, 1.15)","(0, 0, 0.8)"
porsche_911_carrera_4_yaw_350.png,leaving/porsche_911_carrera_4_yaw_350.png,leaving,350,porsche_911_carrera_4.glb,D:/JRM-O/assets/models/porsche_911_carrera_4.glb,512,512,"(0, -4.08215, 1.15)","(0, 0, 0.8)"
rolls_royce_ghost_2021_yaw_000.png,leaving/rolls_royce_ghost_2021_yaw_000.png,leaving,0,rolls_royce_ghost_2021.glb,D:/JRM-O/assets/models/rolls_royce_ghost_2021.glb,512,512,"(0, -3.89937, 1.15)","(0, 0, 0.8)"
rolls_royce_ghost_2021_yaw_010.png,leaving/rolls_royce_ghost_2021_yaw_010.png,leaving,10,rolls_royce_ghost_2021.glb,D:/JRM-O/assets/models/rolls_royce_ghost_2021.glb,512,512,"(0, -3.98355, 1.15)","(0, 0, 0.8)"
rolls_royce_ghost_2021_yaw_020.png,leaving/rolls_royce_ghost_2021_yaw_020.png,leaving,20,rolls_royce_ghost_2021.glb,D:/JRM-O/assets/models/rolls_royce_ghost_2021.glb,512,512,"(0, -4.25729, 1.15)","(0, 0, 0.8)"
rolls_royce_ghost_2021_yaw_030.png,leaving/rolls_royce_ghost_2021_yaw_030.png,leaving,30,rolls_royce_ghost_2021.glb,D:/JRM-O/assets/models/rolls_royce_ghost_2021.glb,512,512,"(0, -4.63874, 1.15)","(0, 0, 0.8)"
rolls_royce_ghost_2021_yaw_040.png,leaving/rolls_royce_ghost_2021_yaw_040.png,leaving,40,rolls_royce_ghost_2021.glb,D:/JRM-O/assets/models/rolls_royce_ghost_2021.glb,512,512,"(0, -4.88026, 1.15)","(0, 0, 0.8)"
rolls_royce_ghost_2021_yaw_050.png,moving_right/rolls_royce_ghost_2021_yaw_050.png,moving_right,50,rolls_royce_ghost_2021.glb,D:/JRM-O/assets/models/rolls_royce_ghost_2021.glb,512,512,"(0, -5.1756, 1.15)","(0, 0, 0.8)"
rolls_royce_ghost_2021_yaw_060.png,moving_right/rolls_royce_ghost_2021_yaw_060.png,moving_right,60,rolls_royce_ghost_2021.glb,D:/JRM-O/assets/models/rolls_royce_ghost_2021.glb,512,512,"(0, -5.12964, 1.15)","(0, 0, 0.8)"
rolls_royce_ghost_2021_yaw_070.png,moving_right/rolls_royce_ghost_2021_yaw_070.png,moving_right,70,rolls_royce_ghost_2021.glb,D:/JRM-O/assets/models/rolls_royce_ghost_2021.glb,512,512,"(0, -5.25232, 1.15)","(0, 0, 0.8)"
rolls_royce_ghost_2021_yaw_080.png,moving_right/rolls_royce_ghost_2021_yaw_080.png,moving_right,80,rolls_royce_ghost_2021.glb,D:/JRM-O/assets/models/rolls_royce_ghost_2021.glb,512,512,"(0, -5.47315, 1.15)","(0, 0, 0.8)"
rolls_royce_ghost_2021_yaw_090.png,moving_right/rolls_royce_ghost_2021_yaw_090.png,moving_right,90,rolls_royce_ghost_2021.glb,D:/JRM-O/assets/models/rolls_royce_ghost_2021.glb,512,512,"(0, -5.52829, 1.15)","(0, 0, 0.8)"
rolls_royce_ghost_2021_yaw_100.png,moving_right/rolls_royce_ghost_2021_yaw_100.png,moving_right,100,rolls_royce_ghost_2021.glb,D:/JRM-O/assets/models/rolls_royce_ghost_2021.glb,512,512,"(0, -5.41603, 1.15)","(0, 0, 0.8)"
rolls_royce_ghost_2021_yaw_110.png,moving_right/rolls_royce_ghost_2021_yaw_110.png,moving_right,110,rolls_royce_ghost_2021.glb,D:/JRM-O/assets/models/rolls_royce_ghost_2021.glb,512,512,"(0, -5.30656, 1.15)","(0, 0, 0.8)"
rolls_royce_ghost_2021_yaw_120.png,moving_right/rolls_royce_ghost_2021_yaw_120.png,moving_right,120,rolls_royce_ghost_2021.glb,D:/JRM-O/assets/models/rolls_royce_ghost_2021.glb,512,512,"(0, -5.49747, 1.15)","(0, 0, 0.8)"
rolls_royce_ghost_2021_yaw_130.png,moving_right/rolls_royce_ghost_2021_yaw_130.png,moving_right,130,rolls_royce_ghost_2021.glb,D:/JRM-O/assets/models/rolls_royce_ghost_2021.glb,512,512,"(0, -5.52195, 1.15)","(0, 0, 0.8)"
rolls_royce_ghost_2021_yaw_140.png,approaching/rolls_royce_ghost_2021_yaw_140.png,approaching,140,rolls_royce_ghost_2021.glb,D:/JRM-O/assets/models/rolls_royce_ghost_2021.glb,512,512,"(0, -5.1827, 1.15)","(0, 0, 0.8)"
rolls_royce_ghost_2021_yaw_150.png,approaching/rolls_royce_ghost_2021_yaw_150.png,approaching,150,rolls_royce_ghost_2021.glb,D:/JRM-O/assets/models/rolls_royce_ghost_2021.glb,512,512,"(0, -4.90002, 1.15)","(0, 0, 0.8)"
rolls_royce_ghost_2021_yaw_160.png,approaching/rolls_royce_ghost_2021_yaw_160.png,approaching,160,rolls_royce_ghost_2021.glb,D:/JRM-O/assets/models/rolls_royce_ghost_2021.glb,512,512,"(0, -4.46818, 1.15)","(0, 0, 0.8)"
rolls_royce_ghost_2021_yaw_170.png,approaching/rolls_royce_ghost_2021_yaw_170.png,approaching,170,rolls_royce_ghost_2021.glb,D:/JRM-O/assets/models/rolls_royce_ghost_2021.glb,512,512,"(0, -4.22113, 1.15)","(0, 0, 0.8)"
rolls_royce_ghost_2021_yaw_180.png,approaching/rolls_royce_ghost_2021_yaw_180.png,approaching,180,rolls_royce_ghost_2021.glb,D:/JRM-O/assets/models/rolls_royce_ghost_2021.glb,512,512,"(0, -4.1404, 1.15)","(0, 0, 0.8)"
rolls_royce_ghost_2021_yaw_190.png,approaching/rolls_royce_ghost_2021_yaw_190.png,approaching,190,rolls_royce_ghost_2021.glb,D:/JRM-O/assets/models/rolls_royce_ghost_2021.glb,512,512,"(0, -4.22145, 1.15)","(0, 0, 0.8)"
rolls_royce_ghost_2021_yaw_200.png,approaching/rolls_royce_ghost_2021_yaw_200.png,approaching,200,rolls_royce_ghost_2021.glb,D:/JRM-O/assets/models/rolls_royce_ghost_2021.glb,512,512,"(0, -4.46418, 1.15)","(0, 0, 0.8)"
rolls_royce_ghost_2021_yaw_210.png,approaching/rolls_royce_ghost_2021_yaw_210.png,approaching,210,rolls_royce_ghost_2021.glb,D:/JRM-O/assets/models/rolls_royce_ghost_2021.glb,512,512,"(0, -4.89663, 1.15)","(0, 0, 0.8)"
rolls_royce_ghost_2021_yaw_220.png,approaching/rolls_royce_ghost_2021_yaw_220.png,approaching,220,rolls_royce_ghost_2021.glb,D:/JRM-O/assets/models/rolls_royce_ghost_2021.glb,512,512,"(0, -5.18002, 1.15)","(0, 0, 0.8)"
rolls_royce_ghost_2021_yaw_230.png,moving_left/rolls_royce_ghost_2021_yaw_230.png,moving_left,230,rolls_royce_ghost_2021.glb,D:/JRM-O/assets/models/rolls_royce_ghost_2021.glb,512,512,"(0, -5.51992, 1.15)","(0, 0, 0.8)"
rolls_royce_ghost_2021_yaw_240.png,moving_left/rolls_royce_ghost_2021_yaw_240.png,moving_left,240,rolls_royce_ghost_2021.glb,D:/JRM-O/assets/models/rolls_royce_ghost_2021.glb,512,512,"(0, -5.49631, 1.15)","(0, 0, 0.8)"
rolls_royce_ghost_2021_yaw_250.png,moving_left/rolls_royce_ghost_2021_yaw_250.png,moving_left,250,rolls_royce_ghost_2021.glb,D:/JRM-O/assets/models/rolls_royce_ghost_2021.glb,512,512,"(0, -5.30632, 1.15)","(0, 0, 0.8)"
rolls_royce_ghost_2021_yaw_260.png,moving_left/rolls_royce_ghost_2021_yaw_260.png,moving_left,260,rolls_royce_ghost_2021.glb,D:/JRM-O/assets/models/rolls_royce_ghost_2021.glb,512,512,"(0, -5.4167, 1.15)","(0, 0, 0.8)"
rolls_royce_ghost_2021_yaw_270.png,moving_left/rolls_royce_ghost_2021_yaw_270.png,moving_left,270,rolls_royce_ghost_2021.glb,D:/JRM-O/assets/models/rolls_royce_ghost_2021.glb,512,512,"(0, -5.52987, 1.15)","(0, 0, 0.8)"
rolls_royce_ghost_2021_yaw_280.png,moving_left/rolls_royce_ghost_2021_yaw_280.png,moving_left,280,rolls_royce_ghost_2021.glb,D:/JRM-O/assets/models/rolls_royce_ghost_2021.glb,512,512,"(0, -5.47557, 1.15)","(0, 0, 0.8)"
rolls_royce_ghost_2021_yaw_290.png,moving_left/rolls_royce_ghost_2021_yaw_290.png,moving_left,290,rolls_royce_ghost_2021.glb,D:/JRM-O/assets/models/rolls_royce_ghost_2021.glb,512,512,"(0, -5.25552, 1.15)","(0, 0, 0.8)"
rolls_royce_ghost_2021_yaw_300.png,moving_left/rolls_royce_ghost_2021_yaw_300.png,moving_left,300,rolls_royce_ghost_2021.glb,D:/JRM-O/assets/models/rolls_royce_ghost_2021.glb,512,512,"(0, -5.12782, 1.15)","(0, 0, 0.8)"
rolls_royce_ghost_2021_yaw_310.png,moving_left/rolls_royce_ghost_2021_yaw_310.png,moving_left,310,rolls_royce_ghost_2021.glb,D:/JRM-O/assets/models/rolls_royce_ghost_2021.glb,512,512,"(0, -5.17239, 1.15)","(0, 0, 0.8)"
rolls_royce_ghost_2021_yaw_320.png,leaving/rolls_royce_ghost_2021_yaw_320.png,leaving,320,rolls_royce_ghost_2021.glb,D:/JRM-O/assets/models/rolls_royce_ghost_2021.glb,512,512,"(0, -4.87603, 1.15)","(0, 0, 0.8)"
rolls_royce_ghost_2021_yaw_330.png,leaving/rolls_royce_ghost_2021_yaw_330.png,leaving,330,rolls_royce_ghost_2021.glb,D:/JRM-O/assets/models/rolls_royce_ghost_2021.glb,512,512,"(0, -4.63339, 1.15)","(0, 0, 0.8)"
rolls_royce_ghost_2021_yaw_340.png,leaving/rolls_royce_ghost_2021_yaw_340.png,leaving,340,rolls_royce_ghost_2021.glb,D:/JRM-O/assets/models/rolls_royce_ghost_2021.glb,512,512,"(0, -4.25098, 1.15)","(0, 0, 0.8)"
rolls_royce_ghost_2021_yaw_350.png,leaving/rolls_royce_ghost_2021_yaw_350.png,leaving,350,rolls_royce_ghost_2021.glb,D:/JRM-O/assets/models/rolls_royce_ghost_2021.glb,512,512,"(0, -3.98355, 1.15)","(0, 0, 0.8)"
tesla_cybertruck_yaw_000.png,leaving/tesla_cybertruck_yaw_000.png,leaving,0,tesla_cybertruck.glb,D:/JRM-O/assets/models/tesla_cybertruck.glb,512,512,"(0, -3.83004, 1.15)","(0, 0, 0.8)"
tesla_cybertruck_yaw_010.png,leaving/tesla_cybertruck_yaw_010.png,leaving,10,tesla_cybertruck.glb,D:/JRM-O/assets/models/tesla_cybertruck.glb,512,512,"(0, -3.92516, 1.15)","(0, 0, 0.8)"
tesla_cybertruck_yaw_020.png,leaving/tesla_cybertruck_yaw_020.png,leaving,20,tesla_cybertruck.glb,D:/JRM-O/assets/models/tesla_cybertruck.glb,512,512,"(0, -4.38521, 1.15)","(0, 0, 0.8)"
tesla_cybertruck_yaw_030.png,leaving/tesla_cybertruck_yaw_030.png,leaving,30,tesla_cybertruck.glb,D:/JRM-O/assets/models/tesla_cybertruck.glb,512,512,"(0, -4.73041, 1.15)","(0, 0, 0.8)"
tesla_cybertruck_yaw_040.png,leaving/tesla_cybertruck_yaw_040.png,leaving,40,tesla_cybertruck.glb,D:/JRM-O/assets/models/tesla_cybertruck.glb,512,512,"(0, -4.9341, 1.15)","(0, 0, 0.8)"
tesla_cybertruck_yaw_050.png,moving_right/tesla_cybertruck_yaw_050.png,moving_right,50,tesla_cybertruck.glb,D:/JRM-O/assets/models/tesla_cybertruck.glb,512,512,"(0, -5.19298, 1.15)","(0, 0, 0.8)"
tesla_cybertruck_yaw_060.png,moving_right/tesla_cybertruck_yaw_060.png,moving_right,60,tesla_cybertruck.glb,D:/JRM-O/assets/models/tesla_cybertruck.glb,512,512,"(0, -5.1739, 1.15)","(0, 0, 0.8)"
tesla_cybertruck_yaw_070.png,moving_right/tesla_cybertruck_yaw_070.png,moving_right,70,tesla_cybertruck.glb,D:/JRM-O/assets/models/tesla_cybertruck.glb,512,512,"(0, -5.54788, 1.15)","(0, 0, 0.8)"
tesla_cybertruck_yaw_080.png,moving_right/tesla_cybertruck_yaw_080.png,moving_right,80,tesla_cybertruck.glb,D:/JRM-O/assets/models/tesla_cybertruck.glb,512,512,"(0, -5.75642, 1.15)","(0, 0, 0.8)"
tesla_cybertruck_yaw_090.png,moving_right/tesla_cybertruck_yaw_090.png,moving_right,90,tesla_cybertruck.glb,D:/JRM-O/assets/models/tesla_cybertruck.glb,512,512,"(0, -5.79307, 1.15)","(0, 0, 0.8)"
tesla_cybertruck_yaw_100.png,moving_right/tesla_cybertruck_yaw_100.png,moving_right,100,tesla_cybertruck.glb,D:/JRM-O/assets/models/tesla_cybertruck.glb,512,512,"(0, -5.65664, 1.15)","(0, 0, 0.8)"
tesla_cybertruck_yaw_110.png,moving_right/tesla_cybertruck_yaw_110.png,moving_right,110,tesla_cybertruck.glb,D:/JRM-O/assets/models/tesla_cybertruck.glb,512,512,"(0, -5.53535, 1.15)","(0, 0, 0.8)"
tesla_cybertruck_yaw_120.png,moving_right/tesla_cybertruck_yaw_120.png,moving_right,120,tesla_cybertruck.glb,D:/JRM-O/assets/models/tesla_cybertruck.glb,512,512,"(0, -5.75818, 1.15)","(0, 0, 0.8)"
tesla_cybertruck_yaw_130.png,moving_right/tesla_cybertruck_yaw_130.png,moving_right,130,tesla_cybertruck.glb,D:/JRM-O/assets/models/tesla_cybertruck.glb,512,512,"(0, -5.80908, 1.15)","(0, 0, 0.8)"
tesla_cybertruck_yaw_140.png,approaching/tesla_cybertruck_yaw_140.png,approaching,140,tesla_cybertruck.glb,D:/JRM-O/assets/models/tesla_cybertruck.glb,512,512,"(0, -5.47949, 1.15)","(0, 0, 0.8)"
tesla_cybertruck_yaw_150.png,approaching/tesla_cybertruck_yaw_150.png,approaching,150,tesla_cybertruck.glb,D:/JRM-O/assets/models/tesla_cybertruck.glb,512,512,"(0, -5.21019, 1.15)","(0, 0, 0.8)"
tesla_cybertruck_yaw_160.png,approaching/tesla_cybertruck_yaw_160.png,approaching,160,tesla_cybertruck.glb,D:/JRM-O/assets/models/tesla_cybertruck.glb,512,512,"(0, -4.78519, 1.15)","(0, 0, 0.8)"
tesla_cybertruck_yaw_170.png,approaching/tesla_cybertruck_yaw_170.png,approaching,170,tesla_cybertruck.glb,D:/JRM-O/assets/models/tesla_cybertruck.glb,512,512,"(0, -4.32653, 1.15)","(0, 0, 0.8)"
tesla_cybertruck_yaw_180.png,approaching/tesla_cybertruck_yaw_180.png,approaching,180,tesla_cybertruck.glb,D:/JRM-O/assets/models/tesla_cybertruck.glb,512,512,"(0, -4.22788, 1.15)","(0, 0, 0.8)"
tesla_cybertruck_yaw_190.png,approaching/tesla_cybertruck_yaw_190.png,approaching,190,tesla_cybertruck.glb,D:/JRM-O/assets/models/tesla_cybertruck.glb,512,512,"(0, -4.32734, 1.15)","(0, 0, 0.8)"
tesla_cybertruck_yaw_200.png,approaching/tesla_cybertruck_yaw_200.png,approaching,200,tesla_cybertruck.glb,D:/JRM-O/assets/models/tesla_cybertruck.glb,512,512,"(0, -4.74571, 1.15)","(0, 0, 0.8)"
tesla_cybertruck_yaw_210.png,approaching/tesla_cybertruck_yaw_210.png,approaching,210,tesla_cybertruck.glb,D:/JRM-O/assets/models/tesla_cybertruck.glb,512,512,"(0, -5.17484, 1.15)","(0, 0, 0.8)"
tesla_cybertruck_yaw_220.png,approaching/tesla_cybertruck_yaw_220.png,approaching,220,tesla_cybertruck.glb,D:/JRM-O/assets/models/tesla_cybertruck.glb,512,512,"(0, -5.44896, 1.15)","(0, 0, 0.8)"
tesla_cybertruck_yaw_230.png,moving_left/tesla_cybertruck_yaw_230.png,moving_left,230,tesla_cybertruck.glb,D:/JRM-O/assets/models/tesla_cybertruck.glb,512,512,"(0, -5.7824, 1.15)","(0, 0, 0.8)"
tesla_cybertruck_yaw_240.png,moving_left/tesla_cybertruck_yaw_240.png,moving_left,240,tesla_cybertruck.glb,D:/JRM-O/assets/models/tesla_cybertruck.glb,512,512,"(0, -5.73745, 1.15)","(0, 0, 0.8)"
tesla_cybertruck_yaw_250.png,moving_left/tesla_cybertruck_yaw_250.png,moving_left,250,tesla_cybertruck.glb,D:/JRM-O/assets/models/tesla_cybertruck.glb,512,512,"(0, -5.52082, 1.15)","(0, 0, 0.8)"
tesla_cybertruck_yaw_260.png,moving_left/tesla_cybertruck_yaw_260.png,moving_left,260,tesla_cybertruck.glb,D:/JRM-O/assets/models/tesla_cybertruck.glb,512,512,"(0, -5.64836, 1.15)","(0, 0, 0.8)"
tesla_cybertruck_yaw_270.png,moving_left/tesla_cybertruck_yaw_270.png,moving_left,270,tesla_cybertruck.glb,D:/JRM-O/assets/models/tesla_cybertruck.glb,512,512,"(0, -5.7909, 1.15)","(0, 0, 0.8)"
tesla_cybertruck_yaw_280.png,moving_left/tesla_cybertruck_yaw_280.png,moving_left,280,tesla_cybertruck.glb,D:/JRM-O/assets/models/tesla_cybertruck.glb,512,512,"(0, -5.76002, 1.15)","(0, 0, 0.8)"
tesla_cybertruck_yaw_290.png,moving_left/tesla_cybertruck_yaw_290.png,moving_left,290,tesla_cybertruck.glb,D:/JRM-O/assets/models/tesla_cybertruck.glb,512,512,"(0, -5.55676, 1.15)","(0, 0, 0.8)"
tesla_cybertruck_yaw_300.png,moving_left/tesla_cybertruck_yaw_300.png,moving_left,300,tesla_cybertruck.glb,D:/JRM-O/assets/models/tesla_cybertruck.glb,512,512,"(0, -5.1874, 1.15)","(0, 0, 0.8)"
tesla_cybertruck_yaw_310.png,moving_left/tesla_cybertruck_yaw_310.png,moving_left,310,tesla_cybertruck.glb,D:/JRM-O/assets/models/tesla_cybertruck.glb,512,512,"(0, -5.19204, 1.15)","(0, 0, 0.8)"
tesla_cybertruck_yaw_320.png,leaving/tesla_cybertruck_yaw_320.png,leaving,320,tesla_cybertruck.glb,D:/JRM-O/assets/models/tesla_cybertruck.glb,512,512,"(0, -4.9282, 1.15)","(0, 0, 0.8)"
tesla_cybertruck_yaw_330.png,leaving/tesla_cybertruck_yaw_330.png,leaving,330,tesla_cybertruck.glb,D:/JRM-O/assets/models/tesla_cybertruck.glb,512,512,"(0, -4.7197, 1.15)","(0, 0, 0.8)"
tesla_cybertruck_yaw_340.png,leaving/tesla_cybertruck_yaw_340.png,leaving,340,tesla_cybertruck.glb,D:/JRM-O/assets/models/tesla_cybertruck.glb,512,512,"(0, -4.37039, 1.15)","(0, 0, 0.8)"
tesla_cybertruck_yaw_350.png,leaving/tesla_cybertruck_yaw_350.png,leaving,350,tesla_cybertruck.glb,D:/JRM-O/assets/models/tesla_cybertruck.glb,512,512,"(0, -3.92733, 1.15)","(0, 0, 0.8)"
toyota_land_cruiser_200_yaw_000.png,leaving/toyota_land_cruiser_200_yaw_000.png,leaving,0,toyota_land_cruiser_200.glb,D:/JRM-O/assets/models/toyota_land_cruiser_200.glb,512,512,"(0, -3.69161, 1.15)","(0, 0, 0.8)"
toyota_land_cruiser_200_yaw_010.png,leaving/toyota_land_cruiser_200_yaw_010.png,leaving,10,toyota_land_cruiser_200.glb,D:/JRM-O/assets/models/toyota_land_cruiser_200.glb,512,512,"(0, -3.88795, 1.15)","(0, 0, 0.8)"
toyota_land_cruiser_200_yaw_020.png,leaving/toyota_land_cruiser_200_yaw_020.png,leaving,20,toyota_land_cruiser_200.glb,D:/JRM-O/assets/models/toyota_land_cruiser_200.glb,512,512,"(0, -4.39617, 1.15)","(0, 0, 0.8)"
toyota_land_cruiser_200_yaw_030.png,leaving/toyota_land_cruiser_200_yaw_030.png,leaving,30,toyota_land_cruiser_200.glb,D:/JRM-O/assets/models/toyota_land_cruiser_200.glb,512,512,"(0, -4.76864, 1.15)","(0, 0, 0.8)"
toyota_land_cruiser_200_yaw_040.png,leaving/toyota_land_cruiser_200_yaw_040.png,leaving,40,toyota_land_cruiser_200.glb,D:/JRM-O/assets/models/toyota_land_cruiser_200.glb,512,512,"(0, -4.99501, 1.15)","(0, 0, 0.8)"
toyota_land_cruiser_200_yaw_050.png,moving_right/toyota_land_cruiser_200_yaw_050.png,moving_right,50,toyota_land_cruiser_200.glb,D:/JRM-O/assets/models/toyota_land_cruiser_200.glb,512,512,"(0, -5.278, 1.15)","(0, 0, 0.8)"
toyota_land_cruiser_200_yaw_060.png,moving_right/toyota_land_cruiser_200_yaw_060.png,moving_right,60,toyota_land_cruiser_200.glb,D:/JRM-O/assets/models/toyota_land_cruiser_200.glb,512,512,"(0, -5.20582, 1.15)","(0, 0, 0.8)"
toyota_land_cruiser_200_yaw_070.png,moving_right/toyota_land_cruiser_200_yaw_070.png,moving_right,70,toyota_land_cruiser_200.glb,D:/JRM-O/assets/models/toyota_land_cruiser_200.glb,512,512,"(0, -5.32068, 1.15)","(0, 0, 0.8)"
toyota_land_cruiser_200_yaw_080.png,moving_right/toyota_land_cruiser_200_yaw_080.png,moving_right,80,toyota_land_cruiser_200.glb,D:/JRM-O/assets/models/toyota_land_cruiser_200.glb,512,512,"(0, -5.50808, 1.15)","(0, 0, 0.8)"
toyota_land_cruiser_200_yaw_090.png,moving_right/toyota_land_cruiser_200_yaw_090.png,moving_right,90,toyota_land_cruiser_200.glb,D:/JRM-O/assets/models/toyota_land_cruiser_200.glb,512,512,"(0, -5.52775, 1.15)","(0, 0, 0.8)"
toyota_land_cruiser_200_yaw_100.png,moving_right/toyota_land_cruiser_200_yaw_100.png,moving_right,100,toyota_land_cruiser_200.glb,D:/JRM-O/assets/models/toyota_land_cruiser_200.glb,512,512,"(0, -5.37899, 1.15)","(0, 0, 0.8)"
toyota_land_cruiser_200_yaw_110.png,moving_right/toyota_land_cruiser_200_yaw_110.png,moving_right,110,toyota_land_cruiser_200.glb,D:/JRM-O/assets/models/toyota_land_cruiser_200.glb,512,512,"(0, -5.25215, 1.15)","(0, 0, 0.8)"
toyota_land_cruiser_200_yaw_120.png,moving_right/toyota_land_cruiser_200_yaw_120.png,moving_right,120,toyota_land_cruiser_200.glb,D:/JRM-O/assets/models/toyota_land_cruiser_200.glb,512,512,"(0, -5.47869, 1.15)","(0, 0, 0.8)"
toyota_land_cruiser_200_yaw_130.png,moving_right/toyota_land_cruiser_200_yaw_130.png,moving_right,130,toyota_land_cruiser_200.glb,D:/JRM-O/assets/models/toyota_land_cruiser_200.glb,512,512,"(0, -5.53837, 1.15)","(0, 0, 0.8)"
toyota_land_cruiser_200_yaw_140.png,approaching/toyota_land_cruiser_200_yaw_140.png,approaching,140,toyota_land_cruiser_200.glb,D:/JRM-O/assets/models/toyota_land_cruiser_200.glb,512,512,"(0, -5.22728, 1.15)","(0, 0, 0.8)"
toyota_land_cruiser_200_yaw_150.png,approaching/toyota_land_cruiser_200_yaw_150.png,approaching,150,toyota_land_cruiser_200.glb,D:/JRM-O/assets/models/toyota_land_cruiser_200.glb,512,512,"(0, -4.97485, 1.15)","(0, 0, 0.8)"
toyota_land_cruiser_200_yaw_160.png,approaching/toyota_land_cruiser_200_yaw_160.png,approaching,160,toyota_land_cruiser_200.glb,D:/JRM-O/assets/models/toyota_land_cruiser_200.glb,512,512,"(0, -4.57005, 1.15)","(0, 0, 0.8)"
toyota_land_cruiser_200_yaw_170.png,approaching/toyota_land_cruiser_200_yaw_170.png,approaching,170,toyota_land_cruiser_200.glb,D:/JRM-O/assets/models/toyota_land_cruiser_200.glb,512,512,"(0, -4.02739, 1.15)","(0, 0, 0.8)"
toyota_land_cruiser_200_yaw_180.png,approaching/toyota_land_cruiser_200_yaw_180.png,approaching,180,toyota_land_cruiser_200.glb,D:/JRM-O/assets/models/toyota_land_cruiser_200.glb,512,512,"(0, -3.93387, 1.15)","(0, 0, 0.8)"
toyota_land_cruiser_200_yaw_190.png,approaching/toyota_land_cruiser_200_yaw_190.png,approaching,190,toyota_land_cruiser_200.glb,D:/JRM-O/assets/models/toyota_land_cruiser_200.glb,512,512,"(0, -4.03502, 1.15)","(0, 0, 0.8)"
toyota_land_cruiser_200_yaw_200.png,approaching/toyota_land_cruiser_200_yaw_200.png,approaching,200,toyota_land_cruiser_200.glb,D:/JRM-O/assets/models/toyota_land_cruiser_200.glb,512,512,"(0, -4.57005, 1.15)","(0, 0, 0.8)"
toyota_land_cruiser_200_yaw_210.png,approaching/toyota_land_cruiser_200_yaw_210.png,approaching,210,toyota_land_cruiser_200.glb,D:/JRM-O/assets/models/toyota_land_cruiser_200.glb,512,512,"(0, -4.97484, 1.15)","(0, 0, 0.8)"
toyota_land_cruiser_200_yaw_220.png,approaching/toyota_land_cruiser_200_yaw_220.png,approaching,220,toyota_land_cruiser_200.glb,D:/JRM-O/assets/models/toyota_land_cruiser_200.glb,512,512,"(0, -5.22728, 1.15)","(0, 0, 0.8)"
toyota_land_cruiser_200_yaw_230.png,moving_left/toyota_land_cruiser_200_yaw_230.png,moving_left,230,toyota_land_cruiser_200.glb,D:/JRM-O/assets/models/toyota_land_cruiser_200.glb,512,512,"(0, -5.53837, 1.15)","(0, 0, 0.8)"
toyota_land_cruiser_200_yaw_240.png,moving_left/toyota_land_cruiser_200_yaw_240.png,moving_left,240,toyota_land_cruiser_200.glb,D:/JRM-O/assets/models/toyota_land_cruiser_200.glb,512,512,"(0, -5.47869, 1.15)","(0, 0, 0.8)"
toyota_land_cruiser_200_yaw_250.png,moving_left/toyota_land_cruiser_200_yaw_250.png,moving_left,250,toyota_land_cruiser_200.glb,D:/JRM-O/assets/models/toyota_land_cruiser_200.glb,512,512,"(0, -5.25215, 1.15)","(0, 0, 0.8)"
toyota_land_cruiser_200_yaw_260.png,moving_left/toyota_land_cruiser_200_yaw_260.png,moving_left,260,toyota_land_cruiser_200.glb,D:/JRM-O/assets/models/toyota_land_cruiser_200.glb,512,512,"(0, -5.37899, 1.15)","(0, 0, 0.8)"
toyota_land_cruiser_200_yaw_270.png,moving_left/toyota_land_cruiser_200_yaw_270.png,moving_left,270,toyota_land_cruiser_200.glb,D:/JRM-O/assets/models/toyota_land_cruiser_200.glb,512,512,"(0, -5.52775, 1.15)","(0, 0, 0.8)"
toyota_land_cruiser_200_yaw_280.png,moving_left/toyota_land_cruiser_200_yaw_280.png,moving_left,280,toyota_land_cruiser_200.glb,D:/JRM-O/assets/models/toyota_land_cruiser_200.glb,512,512,"(0, -5.50808, 1.15)","(0, 0, 0.8)"
toyota_land_cruiser_200_yaw_290.png,moving_left/toyota_land_cruiser_200_yaw_290.png,moving_left,290,toyota_land_cruiser_200.glb,D:/JRM-O/assets/models/toyota_land_cruiser_200.glb,512,512,"(0, -5.32068, 1.15)","(0, 0, 0.8)"
toyota_land_cruiser_200_yaw_300.png,moving_left/toyota_land_cruiser_200_yaw_300.png,moving_left,300,toyota_land_cruiser_200.glb,D:/JRM-O/assets/models/toyota_land_cruiser_200.glb,512,512,"(0, -5.20582, 1.15)","(0, 0, 0.8)"
toyota_land_cruiser_200_yaw_310.png,moving_left/toyota_land_cruiser_200_yaw_310.png,moving_left,310,toyota_land_cruiser_200.glb,D:/JRM-O/assets/models/toyota_land_cruiser_200.glb,512,512,"(0, -5.278, 1.15)","(0, 0, 0.8)"
toyota_land_cruiser_200_yaw_320.png,leaving/toyota_land_cruiser_200_yaw_320.png,leaving,320,toyota_land_cruiser_200.glb,D:/JRM-O/assets/models/toyota_land_cruiser_200.glb,512,512,"(0, -4.99502, 1.15)","(0, 0, 0.8)"
toyota_land_cruiser_200_yaw_330.png,leaving/toyota_land_cruiser_200_yaw_330.png,leaving,330,toyota_land_cruiser_200.glb,D:/JRM-O/assets/models/toyota_land_cruiser_200.glb,512,512,"(0, -4.76864, 1.15)","(0, 0, 0.8)"
toyota_land_cruiser_200_yaw_340.png,leaving/toyota_land_cruiser_200_yaw_340.png,leaving,340,toyota_land_cruiser_200.glb,D:/JRM-O/assets/models/toyota_land_cruiser_200.glb,512,512,"(0, -4.39617, 1.15)","(0, 0, 0.8)"
toyota_land_cruiser_200_yaw_350.png,leaving/toyota_land_cruiser_200_yaw_350.png,leaving,350,toyota_land_cruiser_200.glb,D:/JRM-O/assets/models/toyota_land_cruiser_200.glb,512,512,"(0, -3.88795, 1.15)","(0, 0, 0.8)"
volkswagen_beetle_yaw_000.png,leaving/volkswagen_beetle_yaw_000.png,leaving,0,volkswagen_beetle.glb,D:/JRM-O/assets/models/volkswagen_beetle.glb,512,512,"(0, -3.82183, 1.15)","(0, 0, 0.8)"
volkswagen_beetle_yaw_010.png,leaving/volkswagen_beetle_yaw_010.png,leaving,10,volkswagen_beetle.glb,D:/JRM-O/assets/models/volkswagen_beetle.glb,512,512,"(0, -3.89308, 1.15)","(0, 0, 0.8)"
volkswagen_beetle_yaw_020.png,leaving/volkswagen_beetle_yaw_020.png,leaving,20,volkswagen_beetle.glb,D:/JRM-O/assets/models/volkswagen_beetle.glb,512,512,"(0, -4.35723, 1.15)","(0, 0, 0.8)"
volkswagen_beetle_yaw_030.png,leaving/volkswagen_beetle_yaw_030.png,leaving,30,volkswagen_beetle.glb,D:/JRM-O/assets/models/volkswagen_beetle.glb,512,512,"(0, -4.74418, 1.15)","(0, 0, 0.8)"
volkswagen_beetle_yaw_040.png,leaving/volkswagen_beetle_yaw_040.png,leaving,40,volkswagen_beetle.glb,D:/JRM-O/assets/models/volkswagen_beetle.glb,512,512,"(0, -4.98656, 1.15)","(0, 0, 0.8)"
volkswagen_beetle_yaw_050.png,moving_right/volkswagen_beetle_yaw_050.png,moving_right,50,volkswagen_beetle.glb,D:/JRM-O/assets/models/volkswagen_beetle.glb,512,512,"(0, -5.2848, 1.15)","(0, 0, 0.8)"
volkswagen_beetle_yaw_060.png,moving_right/volkswagen_beetle_yaw_060.png,moving_right,60,volkswagen_beetle.glb,D:/JRM-O/assets/models/volkswagen_beetle.glb,512,512,"(0, -5.2303, 1.15)","(0, 0, 0.8)"
volkswagen_beetle_yaw_070.png,moving_right/volkswagen_beetle_yaw_070.png,moving_right,70,volkswagen_beetle.glb,D:/JRM-O/assets/models/volkswagen_beetle.glb,512,512,"(0, -5.15844, 1.15)","(0, 0, 0.8)"
volkswagen_beetle_yaw_080.png,moving_right/volkswagen_beetle_yaw_080.png,moving_right,80,volkswagen_beetle.glb,D:/JRM-O/assets/models/volkswagen_beetle.glb,512,512,"(0, -5.34894, 1.15)","(0, 0, 0.8)"
volkswagen_beetle_yaw_090.png,moving_right/volkswagen_beetle_yaw_090.png,moving_right,90,volkswagen_beetle.glb,D:/JRM-O/assets/models/volkswagen_beetle.glb,512,512,"(0, -5.37694, 1.15)","(0, 0, 0.8)"
volkswagen_beetle_yaw_100.png,moving_right/volkswagen_beetle_yaw_100.png,moving_right,100,volkswagen_beetle.glb,D:/JRM-O/assets/models/volkswagen_beetle.glb,512,512,"(0, -5.25492, 1.15)","(0, 0, 0.8)"
volkswagen_beetle_yaw_110.png,moving_right/volkswagen_beetle_yaw_110.png,moving_right,110,volkswagen_beetle.glb,D:/JRM-O/assets/models/volkswagen_beetle.glb,512,512,"(0, -5.12263, 1.15)","(0, 0, 0.8)"
volkswagen_beetle_yaw_120.png,moving_right/volkswagen_beetle_yaw_120.png,moving_right,120,volkswagen_beetle.glb,D:/JRM-O/assets/models/volkswagen_beetle.glb,512,512,"(0, -5.33357, 1.15)","(0, 0, 0.8)"
volkswagen_beetle_yaw_130.png,moving_right/volkswagen_beetle_yaw_130.png,moving_right,130,volkswagen_beetle.glb,D:/JRM-O/assets/models/volkswagen_beetle.glb,512,512,"(0, -5.3825, 1.15)","(0, 0, 0.8)"
volkswagen_beetle_yaw_140.png,approaching/volkswagen_beetle_yaw_140.png,approaching,140,volkswagen_beetle.glb,D:/JRM-O/assets/models/volkswagen_beetle.glb,512,512,"(0, -5.07289, 1.15)","(0, 0, 0.8)"
volkswagen_beetle_yaw_150.png,approaching/volkswagen_beetle_yaw_150.png,approaching,150,volkswagen_beetle.glb,D:/JRM-O/assets/models/volkswagen_beetle.glb,512,512,"(0, -4.81989, 1.15)","(0, 0, 0.8)"
volkswagen_beetle_yaw_160.png,approaching/volkswagen_beetle_yaw_160.png,approaching,160,volkswagen_beetle.glb,D:/JRM-O/assets/models/volkswagen_beetle.glb,512,512,"(0, -4.42002, 1.15)","(0, 0, 0.8)"
volkswagen_beetle_yaw_170.png,approaching/volkswagen_beetle_yaw_170.png,approaching,170,volkswagen_beetle.glb,D:/JRM-O/assets/models/volkswagen_beetle.glb,512,512,"(0, -3.97681, 1.15)","(0, 0, 0.8)"
volkswagen_beetle_yaw_180.png,approaching/volkswagen_beetle_yaw_180.png,approaching,180,volkswagen_beetle.glb,D:/JRM-O/assets/models/volkswagen_beetle.glb,512,512,"(0, -3.88319, 1.15)","(0, 0, 0.8)"
volkswagen_beetle_yaw_190.png,approaching/volkswagen_beetle_yaw_190.png,approaching,190,volkswagen_beetle.glb,D:/JRM-O/assets/models/volkswagen_beetle.glb,512,512,"(0, -3.9776, 1.15)","(0, 0, 0.8)"
volkswagen_beetle_yaw_200.png,approaching/volkswagen_beetle_yaw_200.png,approaching,200,volkswagen_beetle.glb,D:/JRM-O/assets/models/volkswagen_beetle.glb,512,512,"(0, -4.42002, 1.15)","(0, 0, 0.8)"
volkswagen_beetle_yaw_210.png,approaching/volkswagen_beetle_yaw_210.png,approaching,210,volkswagen_beetle.glb,D:/JRM-O/assets/models/volkswagen_beetle.glb,512,512,"(0, -4.81989, 1.15)","(0, 0, 0.8)"
volkswagen_beetle_yaw_220.png,approaching/volkswagen_beetle_yaw_220.png,approaching,220,volkswagen_beetle.glb,D:/JRM-O/assets/models/volkswagen_beetle.glb,512,512,"(0, -5.07289, 1.15)","(0, 0, 0.8)"
volkswagen_beetle_yaw_230.png,moving_left/volkswagen_beetle_yaw_230.png,moving_left,230,volkswagen_beetle.glb,D:/JRM-O/assets/models/volkswagen_beetle.glb,512,512,"(0, -5.3825, 1.15)","(0, 0, 0.8)"
volkswagen_beetle_yaw_240.png,moving_left/volkswagen_beetle_yaw_240.png,moving_left,240,volkswagen_beetle.glb,D:/JRM-O/assets/models/volkswagen_beetle.glb,512,512,"(0, -5.33357, 1.15)","(0, 0, 0.8)"
volkswagen_beetle_yaw_250.png,moving_left/volkswagen_beetle_yaw_250.png,moving_left,250,volkswagen_beetle.glb,D:/JRM-O/assets/models/volkswagen_beetle.glb,512,512,"(0, -5.12263, 1.15)","(0, 0, 0.8)"
volkswagen_beetle_yaw_260.png,moving_left/volkswagen_beetle_yaw_260.png,moving_left,260,volkswagen_beetle.glb,D:/JRM-O/assets/models/volkswagen_beetle.glb,512,512,"(0, -5.25492, 1.15)","(0, 0, 0.8)"
volkswagen_beetle_yaw_270.png,moving_left/volkswagen_beetle_yaw_270.png,moving_left,270,volkswagen_beetle.glb,D:/JRM-O/assets/models/volkswagen_beetle.glb,512,512,"(0, -5.37694, 1.15)","(0, 0, 0.8)"
volkswagen_beetle_yaw_280.png,moving_left/volkswagen_beetle_yaw_280.png,moving_left,280,volkswagen_beetle.glb,D:/JRM-O/assets/models/volkswagen_beetle.glb,512,512,"(0, -5.34894, 1.15)","(0, 0, 0.8)"
volkswagen_beetle_yaw_290.png,moving_left/volkswagen_beetle_yaw_290.png,moving_left,290,volkswagen_beetle.glb,D:/JRM-O/assets/models/volkswagen_beetle.glb,512,512,"(0, -5.15844, 1.15)","(0, 0, 0.8)"
volkswagen_beetle_yaw_300.png,moving_left/volkswagen_beetle_yaw_300.png,moving_left,300,volkswagen_beetle.glb,D:/JRM-O/assets/models/volkswagen_beetle.glb,512,512,"(0, -5.2303, 1.15)","(0, 0, 0.8)"
volkswagen_beetle_yaw_310.png,moving_left/volkswagen_beetle_yaw_310.png,moving_left,310,volkswagen_beetle.glb,D:/JRM-O/assets/models/volkswagen_beetle.glb,512,512,"(0, -5.2848, 1.15)","(0, 0, 0.8)"
volkswagen_beetle_yaw_320.png,leaving/volkswagen_beetle_yaw_320.png,leaving,320,volkswagen_beetle.glb,D:/JRM-O/assets/models/volkswagen_beetle.glb,512,512,"(0, -4.98656, 1.15)","(0, 0, 0.8)"
volkswagen_beetle_yaw_330.png,leaving/volkswagen_beetle_yaw_330.png,leaving,330,volkswagen_beetle.glb,D:/JRM-O/assets/models/volkswagen_beetle.glb,512,512,"(0, -4.74418, 1.15)","(0, 0, 0.8)"
volkswagen_beetle_yaw_340.png,leaving/volkswagen_beetle_yaw_340.png,leaving,340,volkswagen_beetle.glb,D:/JRM-O/assets/models/volkswagen_beetle.glb,512,512,"(0, -4.35723, 1.15)","(0, 0, 0.8)"
volkswagen_beetle_yaw_350.png,leaving/volkswagen_beetle_yaw_350.png,leaving,350,volkswagen_beetle.glb,D:/JRM-O/assets/models/volkswagen_beetle.glb,512,512,"(0, -3.89408, 1.15)","(0, 0, 0.8)"
Volkswagen_kombi_1973_yaw_000.png,leaving/Volkswagen_kombi_1973_yaw_000.png,leaving,0,Volkswagen_kombi_1973.glb,D:/JRM-O/assets/models/Volkswagen_kombi_1973.glb,512,512,"(0, -3.80665, 1.15)","(0, 0, 0.8)"
Volkswagen_kombi_1973_yaw_010.png,leaving/Volkswagen_kombi_1973_yaw_010.png,leaving,10,Volkswagen_kombi_1973.glb,D:/JRM-O/assets/models/Volkswagen_kombi_1973.glb,512,512,"(0, -4.15796, 1.15)","(0, 0, 0.8)"
Volkswagen_kombi_1973_yaw_020.png,leaving/Volkswagen_kombi_1973_yaw_020.png,leaving,20,Volkswagen_kombi_1973.glb,D:/JRM-O/assets/models/Volkswagen_kombi_1973.glb,512,512,"(0, -4.63085, 1.15)","(0, 0, 0.8)"
Volkswagen_kombi_1973_yaw_030.png,leaving/Volkswagen_kombi_1973_yaw_030.png,leaving,30,Volkswagen_kombi_1973.glb,D:/JRM-O/assets/models/Volkswagen_kombi_1973.glb,512,512,"(0, -4.96504, 1.15)","(0, 0, 0.8)"
Volkswagen_kombi_1973_yaw_040.png,leaving/Volkswagen_kombi_1973_yaw_040.png,leaving,40,Volkswagen_kombi_1973.glb,D:/JRM-O/assets/models/Volkswagen_kombi_1973.glb,512,512,"(0, -5.15037, 1.15)","(0, 0, 0.8)"
Volkswagen_kombi_1973_yaw_050.png,moving_right/Volkswagen_kombi_1973_yaw_050.png,moving_right,50,Volkswagen_kombi_1973.glb,D:/JRM-O/assets/models/Volkswagen_kombi_1973.glb,512,512,"(0, -5.39485, 1.15)","(0, 0, 0.8)"
Volkswagen_kombi_1973_yaw_060.png,moving_right/Volkswagen_kombi_1973_yaw_060.png,moving_right,60,Volkswagen_kombi_1973.glb,D:/JRM-O/assets/models/Volkswagen_kombi_1973.glb,512,512,"(0, -5.2771, 1.15)","(0, 0, 0.8)"
Volkswagen_kombi_1973_yaw_070.png,moving_right/Volkswagen_kombi_1973_yaw_070.png,moving_right,70,Volkswagen_kombi_1973.glb,D:/JRM-O/assets/models/Volkswagen_kombi_1973.glb,512,512,"(0, -5.40927, 1.15)","(0, 0, 0.8)"
Volkswagen_kombi_1973_yaw_080.png,moving_right/Volkswagen_kombi_1973_yaw_080.png,moving_right,80,Volkswagen_kombi_1973.glb,D:/JRM-O/assets/models/Volkswagen_kombi_1973.glb,512,512,"(0, -5.545, 1.15)","(0, 0, 0.8)"
Volkswagen_kombi_1973_yaw_090.png,moving_right/Volkswagen_kombi_1973_yaw_090.png,moving_right,90,Volkswagen_kombi_1973.glb,D:/JRM-O/assets/models/Volkswagen_kombi_1973.glb,512,512,"(0, -5.51433, 1.15)","(0, 0, 0.8)"
Volkswagen_kombi_1973_yaw_100.png,moving_right/Volkswagen_kombi_1973_yaw_100.png,moving_right,100,Volkswagen_kombi_1973.glb,D:/JRM-O/assets/models/Volkswagen_kombi_1973.glb,512,512,"(0, -5.39437, 1.15)","(0, 0, 0.8)"
Volkswagen_kombi_1973_yaw_110.png,moving_right/Volkswagen_kombi_1973_yaw_110.png,moving_right,110,Volkswagen_kombi_1973.glb,D:/JRM-O/assets/models/Volkswagen_kombi_1973.glb,512,512,"(0, -5.2745, 1.15)","(0, 0, 0.8)"
Volkswagen_kombi_1973_yaw_120.png,moving_right/Volkswagen_kombi_1973_yaw_120.png,moving_right,120,Volkswagen_kombi_1973.glb,D:/JRM-O/assets/models/Volkswagen_kombi_1973.glb,512,512,"(0, -5.45519, 1.15)","(0, 0, 0.8)"
Volkswagen_kombi_1973_yaw_130.png,moving_right/Volkswagen_kombi_1973_yaw_130.png,moving_right,130,Volkswagen_kombi_1973.glb,D:/JRM-O/assets/models/Volkswagen_kombi_1973.glb,512,512,"(0, -5.55137, 1.15)","(0, 0, 0.8)"
Volkswagen_kombi_1973_yaw_140.png,approaching/Volkswagen_kombi_1973_yaw_140.png,approaching,140,Volkswagen_kombi_1973.glb,D:/JRM-O/assets/models/Volkswagen_kombi_1973.glb,512,512,"(0, -5.28863, 1.15)","(0, 0, 0.8)"
Volkswagen_kombi_1973_yaw_150.png,approaching/Volkswagen_kombi_1973_yaw_150.png,approaching,150,Volkswagen_kombi_1973.glb,D:/JRM-O/assets/models/Volkswagen_kombi_1973.glb,512,512,"(0, -5.08625, 1.15)","(0, 0, 0.8)"
Volkswagen_kombi_1973_yaw_160.png,approaching/Volkswagen_kombi_1973_yaw_160.png,approaching,160,Volkswagen_kombi_1973.glb,D:/JRM-O/assets/models/Volkswagen_kombi_1973.glb,512,512,"(0, -4.7313, 1.15)","(0, 0, 0.8)"
Volkswagen_kombi_1973_yaw_170.png,approaching/Volkswagen_kombi_1973_yaw_170.png,approaching,170,Volkswagen_kombi_1973.glb,D:/JRM-O/assets/models/Volkswagen_kombi_1973.glb,512,512,"(0, -4.23457, 1.15)","(0, 0, 0.8)"
Volkswagen_kombi_1973_yaw_180.png,approaching/Volkswagen_kombi_1973_yaw_180.png,approaching,180,Volkswagen_kombi_1973.glb,D:/JRM-O/assets/models/Volkswagen_kombi_1973.glb,512,512,"(0, -3.90629, 1.15)","(0, 0, 0.8)"
Volkswagen_kombi_1973_yaw_190.png,approaching/Volkswagen_kombi_1973_yaw_190.png,approaching,190,Volkswagen_kombi_1973.glb,D:/JRM-O/assets/models/Volkswagen_kombi_1973.glb,512,512,"(0, -4.23463, 1.15)","(0, 0, 0.8)"
Volkswagen_kombi_1973_yaw_200.png,approaching/Volkswagen_kombi_1973_yaw_200.png,approaching,200,Volkswagen_kombi_1973.glb,D:/JRM-O/assets/models/Volkswagen_kombi_1973.glb,512,512,"(0, -4.73136, 1.15)","(0, 0, 0.8)"
Volkswagen_kombi_1973_yaw_210.png,approaching/Volkswagen_kombi_1973_yaw_210.png,approaching,210,Volkswagen_kombi_1973.glb,D:/JRM-O/assets/models/Volkswagen_kombi_1973.glb,512,512,"(0, -5.0863, 1.15)","(0, 0, 0.8)"
Volkswagen_kombi_1973_yaw_220.png,approaching/Volkswagen_kombi_1973_yaw_220.png,approaching,220,Volkswagen_kombi_1973.glb,D:/JRM-O/assets/models/Volkswagen_kombi_1973.glb,512,512,"(0, -5.28868, 1.15)","(0, 0, 0.8)"
Volkswagen_kombi_1973_yaw_230.png,moving_left/Volkswagen_kombi_1973_yaw_230.png,moving_left,230,Volkswagen_kombi_1973.glb,D:/JRM-O/assets/models/Volkswagen_kombi_1973.glb,512,512,"(0, -5.55141, 1.15)","(0, 0, 0.8)"
Volkswagen_kombi_1973_yaw_240.png,moving_left/Volkswagen_kombi_1973_yaw_240.png,moving_left,240,Volkswagen_kombi_1973.glb,D:/JRM-O/assets/models/Volkswagen_kombi_1973.glb,512,512,"(0, -5.45521, 1.15)","(0, 0, 0.8)"
Volkswagen_kombi_1973_yaw_250.png,moving_left/Volkswagen_kombi_1973_yaw_250.png,moving_left,250,Volkswagen_kombi_1973.glb,D:/JRM-O/assets/models/Volkswagen_kombi_1973.glb,512,512,"(0, -5.27445, 1.15)","(0, 0, 0.8)"
Volkswagen_kombi_1973_yaw_260.png,moving_left/Volkswagen_kombi_1973_yaw_260.png,moving_left,260,Volkswagen_kombi_1973.glb,D:/JRM-O/assets/models/Volkswagen_kombi_1973.glb,512,512,"(0, -5.39432, 1.15)","(0, 0, 0.8)"
Volkswagen_kombi_1973_yaw_270.png,moving_left/Volkswagen_kombi_1973_yaw_270.png,moving_left,270,Volkswagen_kombi_1973.glb,D:/JRM-O/assets/models/Volkswagen_kombi_1973.glb,512,512,"(0, -5.51436, 1.15)","(0, 0, 0.8)"
Volkswagen_kombi_1973_yaw_280.png,moving_left/Volkswagen_kombi_1973_yaw_280.png,moving_left,280,Volkswagen_kombi_1973.glb,D:/JRM-O/assets/models/Volkswagen_kombi_1973.glb,512,512,"(0, -5.54502, 1.15)","(0, 0, 0.8)"
Volkswagen_kombi_1973_yaw_290.png,moving_left/Volkswagen_kombi_1973_yaw_290.png,moving_left,290,Volkswagen_kombi_1973.glb,D:/JRM-O/assets/models/Volkswagen_kombi_1973.glb,512,512,"(0, -5.40928, 1.15)","(0, 0, 0.8)"
Volkswagen_kombi_1973_yaw_300.png,moving_left/Volkswagen_kombi_1973_yaw_300.png,moving_left,300,Volkswagen_kombi_1973.glb,D:/JRM-O/assets/models/Volkswagen_kombi_1973.glb,512,512,"(0, -5.27707, 1.15)","(0, 0, 0.8)"
Volkswagen_kombi_1973_yaw_310.png,moving_left/Volkswagen_kombi_1973_yaw_310.png,moving_left,310,Volkswagen_kombi_1973.glb,D:/JRM-O/assets/models/Volkswagen_kombi_1973.glb,512,512,"(0, -5.39483, 1.15)","(0, 0, 0.8)"
Volkswagen_kombi_1973_yaw_320.png,leaving/Volkswagen_kombi_1973_yaw_320.png,leaving,320,Volkswagen_kombi_1973.glb,D:/JRM-O/assets/models/Volkswagen_kombi_1973.glb,512,512,"(0, -5.15035, 1.15)","(0, 0, 0.8)"
Volkswagen_kombi_1973_yaw_330.png,leaving/Volkswagen_kombi_1973_yaw_330.png,leaving,330,Volkswagen_kombi_1973.glb,D:/JRM-O/assets/models/Volkswagen_kombi_1973.glb,512,512,"(0, -4.96503, 1.15)","(0, 0, 0.8)"
Volkswagen_kombi_1973_yaw_340.png,leaving/Volkswagen_kombi_1973_yaw_340.png,leaving,340,Volkswagen_kombi_1973.glb,D:/JRM-O/assets/models/Volkswagen_kombi_1973.glb,512,512,"(0, -4.63085, 1.15)","(0, 0, 0.8)"
Volkswagen_kombi_1973_yaw_350.png,leaving/Volkswagen_kombi_1973_yaw_350.png,leaving,350,Volkswagen_kombi_1973.glb,D:/JRM-O/assets/models/Volkswagen_kombi_1973.glb,512,512,"(0, -4.15796, 1.15)","(0, 0, 0.8)"
volvo_s90_yaw_000.png,leaving/volvo_s90_yaw_000.png,leaving,0,volvo_s90.glb,D:/JRM-O/assets/models/volvo_s90.glb,512,512,"(0, -3.86353, 1.15)","(0, 0, 0.8)"
volvo_s90_yaw_010.png,leaving/volvo_s90_yaw_010.png,leaving,10,volvo_s90.glb,D:/JRM-O/assets/models/volvo_s90.glb,512,512,"(0, -3.95114, 1.15)","(0, 0, 0.8)"
volvo_s90_yaw_020.png,leaving/volvo_s90_yaw_020.png,leaving,20,volvo_s90.glb,D:/JRM-O/assets/models/volvo_s90.glb,512,512,"(0, -4.33534, 1.15)","(0, 0, 0.8)"
volvo_s90_yaw_030.png,leaving/volvo_s90_yaw_030.png,leaving,30,volvo_s90.glb,D:/JRM-O/assets/models/volvo_s90.glb,512,512,"(0, -4.73575, 1.15)","(0, 0, 0.8)"
volvo_s90_yaw_040.png,leaving/volvo_s90_yaw_040.png,leaving,40,volvo_s90.glb,D:/JRM-O/assets/models/volvo_s90.glb,512,512,"(0, -4.98913, 1.15)","(0, 0, 0.8)"
volvo_s90_yaw_050.png,moving_right/volvo_s90_yaw_050.png,moving_right,50,volvo_s90.glb,D:/JRM-O/assets/models/volvo_s90.glb,512,512,"(0, -5.29871, 1.15)","(0, 0, 0.8)"
volvo_s90_yaw_060.png,moving_right/volvo_s90_yaw_060.png,moving_right,60,volvo_s90.glb,D:/JRM-O/assets/models/volvo_s90.glb,512,512,"(0, -5.25085, 1.15)","(0, 0, 0.8)"
volvo_s90_yaw_070.png,moving_right/volvo_s90_yaw_070.png,moving_right,70,volvo_s90.glb,D:/JRM-O/assets/models/volvo_s90.glb,512,512,"(0, -5.12386, 1.15)","(0, 0, 0.8)"
volvo_s90_yaw_080.png,moving_right/volvo_s90_yaw_080.png,moving_right,80,volvo_s90.glb,D:/JRM-O/assets/models/volvo_s90.glb,512,512,"(0, -5.32097, 1.15)","(0, 0, 0.8)"
volvo_s90_yaw_090.png,moving_right/volvo_s90_yaw_090.png,moving_right,90,volvo_s90.glb,D:/JRM-O/assets/models/volvo_s90.glb,512,512,"(0, -5.35473, 1.15)","(0, 0, 0.8)"
volvo_s90_yaw_100.png,moving_right/volvo_s90_yaw_100.png,moving_right,100,volvo_s90.glb,D:/JRM-O/assets/models/volvo_s90.glb,512,512,"(0, -5.26484, 1.15)","(0, 0, 0.8)"
volvo_s90_yaw_110.png,moving_right/volvo_s90_yaw_110.png,moving_right,110,volvo_s90.glb,D:/JRM-O/assets/models/volvo_s90.glb,512,512,"(0, -5.10701, 1.15)","(0, 0, 0.8)"
volvo_s90_yaw_120.png,moving_right/volvo_s90_yaw_120.png,moving_right,120,volvo_s90.glb,D:/JRM-O/assets/models/volvo_s90.glb,512,512,"(0, -5.31374, 1.15)","(0, 0, 0.8)"
volvo_s90_yaw_130.png,moving_right/volvo_s90_yaw_130.png,moving_right,130,volvo_s90.glb,D:/JRM-O/assets/models/volvo_s90.glb,512,512,"(0, -5.35734, 1.15)","(0, 0, 0.8)"
volvo_s90_yaw_140.png,approaching/volvo_s90_yaw_140.png,approaching,140,volvo_s90.glb,D:/JRM-O/assets/models/volvo_s90.glb,512,512,"(0, -5.04096, 1.15)","(0, 0, 0.8)"
volvo_s90_yaw_150.png,approaching/volvo_s90_yaw_150.png,approaching,150,volvo_s90.glb,D:/JRM-O/assets/models/volvo_s90.glb,512,512,"(0, -4.78106, 1.15)","(0, 0, 0.8)"
volvo_s90_yaw_160.png,approaching/volvo_s90_yaw_160.png,approaching,160,volvo_s90.glb,D:/JRM-O/assets/models/volvo_s90.glb,512,512,"(0, -4.37324, 1.15)","(0, 0, 0.8)"
volvo_s90_yaw_170.png,approaching/volvo_s90_yaw_170.png,approaching,170,volvo_s90.glb,D:/JRM-O/assets/models/volvo_s90.glb,512,512,"(0, -3.97156, 1.15)","(0, 0, 0.8)"
volvo_s90_yaw_180.png,approaching/volvo_s90_yaw_180.png,approaching,180,volvo_s90.glb,D:/JRM-O/assets/models/volvo_s90.glb,512,512,"(0, -3.88305, 1.15)","(0, 0, 0.8)"
volvo_s90_yaw_190.png,approaching/volvo_s90_yaw_190.png,approaching,190,volvo_s90.glb,D:/JRM-O/assets/models/volvo_s90.glb,512,512,"(0, -3.97156, 1.15)","(0, 0, 0.8)"
volvo_s90_yaw_200.png,approaching/volvo_s90_yaw_200.png,approaching,200,volvo_s90.glb,D:/JRM-O/assets/models/volvo_s90.glb,512,512,"(0, -4.37324, 1.15)","(0, 0, 0.8)"
volvo_s90_yaw_210.png,approaching/volvo_s90_yaw_210.png,approaching,210,volvo_s90.glb,D:/JRM-O/assets/models/volvo_s90.glb,512,512,"(0, -4.78106, 1.15)","(0, 0, 0.8)"
volvo_s90_yaw_220.png,approaching/volvo_s90_yaw_220.png,approaching,220,volvo_s90.glb,D:/JRM-O/assets/models/volvo_s90.glb,512,512,"(0, -5.04096, 1.15)","(0, 0, 0.8)"
volvo_s90_yaw_230.png,moving_left/volvo_s90_yaw_230.png,moving_left,230,volvo_s90.glb,D:/JRM-O/assets/models/volvo_s90.glb,512,512,"(0, -5.35734, 1.15)","(0, 0, 0.8)"
volvo_s90_yaw_240.png,moving_left/volvo_s90_yaw_240.png,moving_left,240,volvo_s90.glb,D:/JRM-O/assets/models/volvo_s90.glb,512,512,"(0, -5.31374, 1.15)","(0, 0, 0.8)"
volvo_s90_yaw_250.png,moving_left/volvo_s90_yaw_250.png,moving_left,250,volvo_s90.glb,D:/JRM-O/assets/models/volvo_s90.glb,512,512,"(0, -5.10701, 1.15)","(0, 0, 0.8)"
volvo_s90_yaw_260.png,moving_left/volvo_s90_yaw_260.png,moving_left,260,volvo_s90.glb,D:/JRM-O/assets/models/volvo_s90.glb,512,512,"(0, -5.26484, 1.15)","(0, 0, 0.8)"
volvo_s90_yaw_270.png,moving_left/volvo_s90_yaw_270.png,moving_left,270,volvo_s90.glb,D:/JRM-O/assets/models/volvo_s90.glb,512,512,"(0, -5.35473, 1.15)","(0, 0, 0.8)"
volvo_s90_yaw_280.png,moving_left/volvo_s90_yaw_280.png,moving_left,280,volvo_s90.glb,D:/JRM-O/assets/models/volvo_s90.glb,512,512,"(0, -5.32097, 1.15)","(0, 0, 0.8)"
volvo_s90_yaw_290.png,moving_left/volvo_s90_yaw_290.png,moving_left,290,volvo_s90.glb,D:/JRM-O/assets/models/volvo_s90.glb,512,512,"(0, -5.12386, 1.15)","(0, 0, 0.8)"
volvo_s90_yaw_300.png,moving_left/volvo_s90_yaw_300.png,moving_left,300,volvo_s90.glb,D:/JRM-O/assets/models/volvo_s90.glb,512,512,"(0, -5.25085, 1.15)","(0, 0, 0.8)"
volvo_s90_yaw_310.png,moving_left/volvo_s90_yaw_310.png,moving_left,310,volvo_s90.glb,D:/JRM-O/assets/models/volvo_s90.glb,512,512,"(0, -5.29871, 1.15)","(0, 0, 0.8)"
volvo_s90_yaw_320.png,leaving/volvo_s90_yaw_320.png,leaving,320,volvo_s90.glb,D:/JRM-O/assets/models/volvo_s90.glb,512,512,"(0, -4.98914, 1.15)","(0, 0, 0.8)"
volvo_s90_yaw_330.png,leaving/volvo_s90_yaw_330.png,leaving,330,volvo_s90.glb,D:/JRM-O/assets/models/volvo_s90.glb,512,512,"(0, -4.73575, 1.15)","(0, 0, 0.8)"
volvo_s90_yaw_340.png,leaving/volvo_s90_yaw_340.png,leaving,340,volvo_s90.glb,D:/JRM-O/assets/models/volvo_s90.glb,512,512,"(0, -4.33534, 1.15)","(0, 0, 0.8)"
volvo_s90_yaw_350.png,leaving/volvo_s90_yaw_350.png,leaving,350,volvo_s90.glb,D:/JRM-O/assets/models/volvo_s90.glb,512,512,"(0, -3.95114, 1.15)","(0, 0, 0.8)"
